strain1,strain2,dist_phylo
T2,T2,0
Ksed,T2,0.39872
salin,T2,0.46186
cstat,T2,0.59455
eryth,T2,0.48229
exig,T2,0.98456
kuro,T2,0.96262
Rbalt,T2,1.18206
PR1red,T2,1.16002
owen,T2,1.20452
atlcs,T2,1.25392
fors,T2,1.25173
Fagar,T2,1.2592
jeju,T2,1.25792
kordia,T2,1.26103
Aalgi,T2,1.27301
vorax,T2,1.16832
Sulfuden,T2,1.25923
Sflavi,T2,1.14834
bdim,T2,1.22175
koree,T2,1.20326
Phalo,T2,1.19596
Rsphaer,T2,1.20381
DFL-12,T2,1.23666
Relong,T2,1.25064
plank,T2,1.28189
Pgall,T2,1.27025
DSS-3,T2,1.26361
Och114,T2,1.27915
nitzsch,T2,1.27796
roseo,T2,1.26425
bermu,T2,1.27422
fang,T2,1.16056
CIP,T2,1.15186
T6c,T2,1.152
DE,T2,1.15602
DE1,T2,1.15459
26499,T2,1.15474
BS11,T2,1.15461
27126,T2,1.15514
HOT1A3,T2,1.15508
woodyi,T2,1.16068
Shewden,T2,1.17514
MR1,T2,1.16261
Parctic,T2,1.19979
psych,T2,1.19253
vnat,T2,1.16474
vcamp,T2,1.16878
azure,T2,1.18105
serr,T2,1.19885
crono,T2,1.19796
25922,T2,1.19865
MRE600,T2,1.19928
bork,T2,1.15075
dies,T2,1.14778
abie,T2,1.15746
salex,T2,1.18793
simid,T2,1.17341
MMB1,T2,1.17635
HP15,T2,1.13958
syn,T2,0.93612
syn,T2,0.9944
pro,T2,1.07412
pro,T2,1.1676
pro,T2,1.17124
T2,Ksed,0.39872
Ksed,Ksed,0
salin,Ksed,0.4958
cstat,Ksed,0.62849
eryth,Ksed,0.51623
exig,Ksed,1.0185
kuro,Ksed,0.99656
Rbalt,Ksed,1.216
PR1red,Ksed,1.19396
owen,Ksed,1.23846
atlcs,Ksed,1.28786
fors,Ksed,1.28567
Fagar,Ksed,1.29314
jeju,Ksed,1.29186
kordia,Ksed,1.29497
Aalgi,Ksed,1.30695
vorax,Ksed,1.20226
Sulfuden,Ksed,1.29317
Sflavi,Ksed,1.18228
bdim,Ksed,1.25569
koree,Ksed,1.2372
Phalo,Ksed,1.2299
Rsphaer,Ksed,1.23775
DFL-12,Ksed,1.2706
Relong,Ksed,1.28458
plank,Ksed,1.31583
Pgall,Ksed,1.30419
DSS-3,Ksed,1.29755
Och114,Ksed,1.31309
nitzsch,Ksed,1.3119
roseo,Ksed,1.29819
bermu,Ksed,1.30816
fang,Ksed,1.1945
CIP,Ksed,1.1858
T6c,Ksed,1.18594
DE,Ksed,1.18996
DE1,Ksed,1.18853
26499,Ksed,1.18868
BS11,Ksed,1.18855
27126,Ksed,1.18908
HOT1A3,Ksed,1.18902
woodyi,Ksed,1.19462
Shewden,Ksed,1.20908
MR1,Ksed,1.19655
Parctic,Ksed,1.23373
psych,Ksed,1.22647
vnat,Ksed,1.19868
vcamp,Ksed,1.20272
azure,Ksed,1.21499
serr,Ksed,1.23279
crono,Ksed,1.2319
25922,Ksed,1.23259
MRE600,Ksed,1.23322
bork,Ksed,1.18469
dies,Ksed,1.18172
abie,Ksed,1.1914
salex,Ksed,1.22187
simid,Ksed,1.20735
MMB1,Ksed,1.21029
HP15,Ksed,1.17352
syn,Ksed,0.97006
syn,Ksed,1.02834
pro,Ksed,1.10806
pro,Ksed,1.20154
pro,Ksed,1.20518
T2,salin,0.46186
Ksed,salin,0.4958
salin,salin,0
cstat,salin,0.51249
eryth,salin,0.40023
exig,salin,0.9824
kuro,salin,0.96046
Rbalt,salin,1.1799
PR1red,salin,1.15786
owen,salin,1.20236
atlcs,salin,1.25176
fors,salin,1.24957
Fagar,salin,1.25704
jeju,salin,1.25576
kordia,salin,1.25887
Aalgi,salin,1.27085
vorax,salin,1.16616
Sulfuden,salin,1.25707
Sflavi,salin,1.14618
bdim,salin,1.21959
koree,salin,1.2011
Phalo,salin,1.1938
Rsphaer,salin,1.20165
DFL-12,salin,1.2345
Relong,salin,1.24848
plank,salin,1.27973
Pgall,salin,1.26809
DSS-3,salin,1.26145
Och114,salin,1.27699
nitzsch,salin,1.2758
roseo,salin,1.26209
bermu,salin,1.27206
fang,salin,1.1584
CIP,salin,1.1497
T6c,salin,1.14984
DE,salin,1.15386
DE1,salin,1.15243
26499,salin,1.15258
BS11,salin,1.15245
27126,salin,1.15298
HOT1A3,salin,1.15292
woodyi,salin,1.15852
Shewden,salin,1.17298
MR1,salin,1.16045
Parctic,salin,1.19763
psych,salin,1.19037
vnat,salin,1.16258
vcamp,salin,1.16662
azure,salin,1.17889
serr,salin,1.19669
crono,salin,1.1958
25922,salin,1.19649
MRE600,salin,1.19712
bork,salin,1.14859
dies,salin,1.14562
abie,salin,1.1553
salex,salin,1.18577
simid,salin,1.17125
MMB1,salin,1.17419
HP15,salin,1.13742
syn,salin,0.93396
syn,salin,0.99224
pro,salin,1.07196
pro,salin,1.16544
pro,salin,1.16908
T2,cstat,0.59455
Ksed,cstat,0.62849
salin,cstat,0.51249
cstat,cstat,0
eryth,cstat,0.34666
exig,cstat,1.11509
kuro,cstat,1.09315
Rbalt,cstat,1.31259
PR1red,cstat,1.29055
owen,cstat,1.33505
atlcs,cstat,1.38445
fors,cstat,1.38226
Fagar,cstat,1.38973
jeju,cstat,1.38845
kordia,cstat,1.39156
Aalgi,cstat,1.40354
vorax,cstat,1.29885
Sulfuden,cstat,1.38976
Sflavi,cstat,1.27887
bdim,cstat,1.35228
koree,cstat,1.33379
Phalo,cstat,1.32649
Rsphaer,cstat,1.33434
DFL-12,cstat,1.36719
Relong,cstat,1.38117
plank,cstat,1.41242
Pgall,cstat,1.40078
DSS-3,cstat,1.39414
Och114,cstat,1.40968
nitzsch,cstat,1.40849
roseo,cstat,1.39478
bermu,cstat,1.40475
fang,cstat,1.29109
CIP,cstat,1.28239
T6c,cstat,1.28253
DE,cstat,1.28655
DE1,cstat,1.28512
26499,cstat,1.28527
BS11,cstat,1.28514
27126,cstat,1.28567
HOT1A3,cstat,1.28561
woodyi,cstat,1.29121
Shewden,cstat,1.30567
MR1,cstat,1.29314
Parctic,cstat,1.33032
psych,cstat,1.32306
vnat,cstat,1.29527
vcamp,cstat,1.29931
azure,cstat,1.31158
serr,cstat,1.32938
crono,cstat,1.32849
25922,cstat,1.32918
MRE600,cstat,1.32981
bork,cstat,1.28128
dies,cstat,1.27831
abie,cstat,1.28799
salex,cstat,1.31846
simid,cstat,1.30394
MMB1,cstat,1.30688
HP15,cstat,1.27011
syn,cstat,1.06665
syn,cstat,1.12493
pro,cstat,1.20465
pro,cstat,1.29813
pro,cstat,1.30177
T2,eryth,0.48229
Ksed,eryth,0.51623
salin,eryth,0.40023
cstat,eryth,0.34666
eryth,eryth,0
exig,eryth,1.00283
kuro,eryth,0.98089
Rbalt,eryth,1.20033
PR1red,eryth,1.17829
owen,eryth,1.22279
atlcs,eryth,1.27219
fors,eryth,1.27
Fagar,eryth,1.27747
jeju,eryth,1.27619
kordia,eryth,1.2793
Aalgi,eryth,1.29128
vorax,eryth,1.18659
Sulfuden,eryth,1.2775
Sflavi,eryth,1.16661
bdim,eryth,1.24002
koree,eryth,1.22153
Phalo,eryth,1.21423
Rsphaer,eryth,1.22208
DFL-12,eryth,1.25493
Relong,eryth,1.26891
plank,eryth,1.30016
Pgall,eryth,1.28852
DSS-3,eryth,1.28188
Och114,eryth,1.29742
nitzsch,eryth,1.29623
roseo,eryth,1.28252
bermu,eryth,1.29249
fang,eryth,1.17883
CIP,eryth,1.17013
T6c,eryth,1.17027
DE,eryth,1.17429
DE1,eryth,1.17286
26499,eryth,1.17301
BS11,eryth,1.17288
27126,eryth,1.17341
HOT1A3,eryth,1.17335
woodyi,eryth,1.17895
Shewden,eryth,1.19341
MR1,eryth,1.18088
Parctic,eryth,1.21806
psych,eryth,1.2108
vnat,eryth,1.18301
vcamp,eryth,1.18705
azure,eryth,1.19932
serr,eryth,1.21712
crono,eryth,1.21623
25922,eryth,1.21692
MRE600,eryth,1.21755
bork,eryth,1.16902
dies,eryth,1.16605
abie,eryth,1.17573
salex,eryth,1.2062
simid,eryth,1.19168
MMB1,eryth,1.19462
HP15,eryth,1.15785
syn,eryth,0.95439
syn,eryth,1.01267
pro,eryth,1.09239
pro,eryth,1.18587
pro,eryth,1.18951
T2,exig,0.98456
Ksed,exig,1.0185
salin,exig,0.9824
cstat,exig,1.11509
eryth,exig,1.00283
exig,exig,0
kuro,exig,0.38398
Rbalt,exig,1.03904
PR1red,exig,1.017
owen,exig,1.0615
atlcs,exig,1.1109
fors,exig,1.10871
Fagar,exig,1.11618
jeju,exig,1.1149
kordia,exig,1.11801
Aalgi,exig,1.12999
vorax,exig,1.0253
Sulfuden,exig,1.11621
Sflavi,exig,1.00532
bdim,exig,1.07873
koree,exig,1.06024
Phalo,exig,1.05294
Rsphaer,exig,1.06079
DFL-12,exig,1.09364
Relong,exig,1.10762
plank,exig,1.13887
Pgall,exig,1.12723
DSS-3,exig,1.12059
Och114,exig,1.13613
nitzsch,exig,1.13494
roseo,exig,1.12123
bermu,exig,1.1312
fang,exig,1.01754
CIP,exig,1.00884
T6c,exig,1.00898
DE,exig,1.013
DE1,exig,1.01157
26499,exig,1.01172
BS11,exig,1.01159
27126,exig,1.01212
HOT1A3,exig,1.01206
woodyi,exig,1.01766
Shewden,exig,1.03212
MR1,exig,1.01959
Parctic,exig,1.05677
psych,exig,1.04951
vnat,exig,1.02172
vcamp,exig,1.02576
azure,exig,1.03803
serr,exig,1.05583
crono,exig,1.05494
25922,exig,1.05563
MRE600,exig,1.05626
bork,exig,1.00773
dies,exig,1.00476
abie,exig,1.01444
salex,exig,1.04491
simid,exig,1.03039
MMB1,exig,1.03333
HP15,exig,0.99656
syn,exig,0.8675
syn,exig,0.92578
pro,exig,1.0055
pro,exig,1.09898
pro,exig,1.10262
T2,kuro,0.96262
Ksed,kuro,0.99656
salin,kuro,0.96046
cstat,kuro,1.09315
eryth,kuro,0.98089
exig,kuro,0.38398
kuro,kuro,0
Rbalt,kuro,1.0171
PR1red,kuro,0.99506
owen,kuro,1.03956
atlcs,kuro,1.08896
fors,kuro,1.08677
Fagar,kuro,1.09424
jeju,kuro,1.09296
kordia,kuro,1.09607
Aalgi,kuro,1.10805
vorax,kuro,1.00336
Sulfuden,kuro,1.09427
Sflavi,kuro,0.98338
bdim,kuro,1.05679
koree,kuro,1.0383
Phalo,kuro,1.031
Rsphaer,kuro,1.03885
DFL-12,kuro,1.0717
Relong,kuro,1.08568
plank,kuro,1.11693
Pgall,kuro,1.10529
DSS-3,kuro,1.09865
Och114,kuro,1.11419
nitzsch,kuro,1.113
roseo,kuro,1.09929
bermu,kuro,1.10926
fang,kuro,0.9956
CIP,kuro,0.9869
T6c,kuro,0.98704
DE,kuro,0.99106
DE1,kuro,0.98963
26499,kuro,0.98978
BS11,kuro,0.98965
27126,kuro,0.99018
HOT1A3,kuro,0.99012
woodyi,kuro,0.99572
Shewden,kuro,1.01018
MR1,kuro,0.99765
Parctic,kuro,1.03483
psych,kuro,1.02757
vnat,kuro,0.99978
vcamp,kuro,1.00382
azure,kuro,1.01609
serr,kuro,1.03389
crono,kuro,1.033
25922,kuro,1.03369
MRE600,kuro,1.03432
bork,kuro,0.98579
dies,kuro,0.98282
abie,kuro,0.9925
salex,kuro,1.02297
simid,kuro,1.00845
MMB1,kuro,1.01139
HP15,kuro,0.97462
syn,kuro,0.84556
syn,kuro,0.90384
pro,kuro,0.98356
pro,kuro,1.07704
pro,kuro,1.08068
T2,Rbalt,1.18206
Ksed,Rbalt,1.216
salin,Rbalt,1.1799
cstat,Rbalt,1.31259
eryth,Rbalt,1.20033
exig,Rbalt,1.03904
kuro,Rbalt,1.0171
Rbalt,Rbalt,0
PR1red,Rbalt,1.00172
owen,Rbalt,1.04622
atlcs,Rbalt,1.09562
fors,Rbalt,1.09343
Fagar,Rbalt,1.1009
jeju,Rbalt,1.09962
kordia,Rbalt,1.10273
Aalgi,Rbalt,1.11471
vorax,Rbalt,1.12418
Sulfuden,Rbalt,1.21509
Sflavi,Rbalt,1.1042
bdim,Rbalt,1.17761
koree,Rbalt,1.15912
Phalo,Rbalt,1.15182
Rsphaer,Rbalt,1.15967
DFL-12,Rbalt,1.19252
Relong,Rbalt,1.2065
plank,Rbalt,1.23775
Pgall,Rbalt,1.22611
DSS-3,Rbalt,1.21947
Och114,Rbalt,1.23501
nitzsch,Rbalt,1.23382
roseo,Rbalt,1.22011
bermu,Rbalt,1.23008
fang,Rbalt,1.11642
CIP,Rbalt,1.10772
T6c,Rbalt,1.10786
DE,Rbalt,1.11188
DE1,Rbalt,1.11045
26499,Rbalt,1.1106
BS11,Rbalt,1.11047
27126,Rbalt,1.111
HOT1A3,Rbalt,1.11094
woodyi,Rbalt,1.11654
Shewden,Rbalt,1.131
MR1,Rbalt,1.11847
Parctic,Rbalt,1.15565
psych,Rbalt,1.14839
vnat,Rbalt,1.1206
vcamp,Rbalt,1.12464
azure,Rbalt,1.13691
serr,Rbalt,1.15471
crono,Rbalt,1.15382
25922,Rbalt,1.15451
MRE600,Rbalt,1.15514
bork,Rbalt,1.10661
dies,Rbalt,1.10364
abie,Rbalt,1.11332
salex,Rbalt,1.14379
simid,Rbalt,1.12927
MMB1,Rbalt,1.13221
HP15,Rbalt,1.09544
syn,Rbalt,1.065
syn,Rbalt,1.12328
pro,Rbalt,1.203
pro,Rbalt,1.29648
pro,Rbalt,1.30012
T2,PR1red,1.16002
Ksed,PR1red,1.19396
salin,PR1red,1.15786
cstat,PR1red,1.29055
eryth,PR1red,1.17829
exig,PR1red,1.017
kuro,PR1red,0.99506
Rbalt,PR1red,1.00172
PR1red,PR1red,0
owen,PR1red,0.44368
atlcs,PR1red,0.49308
fors,PR1red,0.49089
Fagar,PR1red,0.49836
jeju,PR1red,0.49708
kordia,PR1red,0.50019
Aalgi,PR1red,0.51217
vorax,PR1red,1.10214
Sulfuden,PR1red,1.19305
Sflavi,PR1red,1.08216
bdim,PR1red,1.15557
koree,PR1red,1.13708
Phalo,PR1red,1.12978
Rsphaer,PR1red,1.13763
DFL-12,PR1red,1.17048
Relong,PR1red,1.18446
plank,PR1red,1.21571
Pgall,PR1red,1.20407
DSS-3,PR1red,1.19743
Och114,PR1red,1.21297
nitzsch,PR1red,1.21178
roseo,PR1red,1.19807
bermu,PR1red,1.20804
fang,PR1red,1.09438
CIP,PR1red,1.08568
T6c,PR1red,1.08582
DE,PR1red,1.08984
DE1,PR1red,1.08841
26499,PR1red,1.08856
BS11,PR1red,1.08843
27126,PR1red,1.08896
HOT1A3,PR1red,1.0889
woodyi,PR1red,1.0945
Shewden,PR1red,1.10896
MR1,PR1red,1.09643
Parctic,PR1red,1.13361
psych,PR1red,1.12635
vnat,PR1red,1.09856
vcamp,PR1red,1.1026
azure,PR1red,1.11487
serr,PR1red,1.13267
crono,PR1red,1.13178
25922,PR1red,1.13247
MRE600,PR1red,1.1331
bork,PR1red,1.08457
dies,PR1red,1.0816
abie,PR1red,1.09128
salex,PR1red,1.12175
simid,PR1red,1.10723
MMB1,PR1red,1.11017
HP15,PR1red,1.0734
syn,PR1red,1.04296
syn,PR1red,1.10124
pro,PR1red,1.18096
pro,PR1red,1.27444
pro,PR1red,1.27808
T2,owen,1.20452
Ksed,owen,1.23846
salin,owen,1.20236
cstat,owen,1.33505
eryth,owen,1.22279
exig,owen,1.0615
kuro,owen,1.03956
Rbalt,owen,1.04622
PR1red,owen,0.44368
owen,owen,0
atlcs,owen,0.36438
fors,owen,0.36219
Fagar,owen,0.36966
jeju,owen,0.36838
kordia,owen,0.37149
Aalgi,owen,0.38347
vorax,owen,1.14664
Sulfuden,owen,1.23755
Sflavi,owen,1.12666
bdim,owen,1.20007
koree,owen,1.18158
Phalo,owen,1.17428
Rsphaer,owen,1.18213
DFL-12,owen,1.21498
Relong,owen,1.22896
plank,owen,1.26021
Pgall,owen,1.24857
DSS-3,owen,1.24193
Och114,owen,1.25747
nitzsch,owen,1.25628
roseo,owen,1.24257
bermu,owen,1.25254
fang,owen,1.13888
CIP,owen,1.13018
T6c,owen,1.13032
DE,owen,1.13434
DE1,owen,1.13291
26499,owen,1.13306
BS11,owen,1.13293
27126,owen,1.13346
HOT1A3,owen,1.1334
woodyi,owen,1.139
Shewden,owen,1.15346
MR1,owen,1.14093
Parctic,owen,1.17811
psych,owen,1.17085
vnat,owen,1.14306
vcamp,owen,1.1471
azure,owen,1.15937
serr,owen,1.17717
crono,owen,1.17628
25922,owen,1.17697
MRE600,owen,1.1776
bork,owen,1.12907
dies,owen,1.1261
abie,owen,1.13578
salex,owen,1.16625
simid,owen,1.15173
MMB1,owen,1.15467
HP15,owen,1.1179
syn,owen,1.08746
syn,owen,1.14574
pro,owen,1.22546
pro,owen,1.31894
pro,owen,1.32258
T2,atlcs,1.25392
Ksed,atlcs,1.28786
salin,atlcs,1.25176
cstat,atlcs,1.38445
eryth,atlcs,1.27219
exig,atlcs,1.1109
kuro,atlcs,1.08896
Rbalt,atlcs,1.09562
PR1red,atlcs,0.49308
owen,atlcs,0.36438
atlcs,atlcs,0
fors,atlcs,0.16367
Fagar,atlcs,0.21188
jeju,atlcs,0.2106
kordia,atlcs,0.21371
Aalgi,atlcs,0.22569
vorax,atlcs,1.19604
Sulfuden,atlcs,1.28695
Sflavi,atlcs,1.17606
bdim,atlcs,1.24947
koree,atlcs,1.23098
Phalo,atlcs,1.22368
Rsphaer,atlcs,1.23153
DFL-12,atlcs,1.26438
Relong,atlcs,1.27836
plank,atlcs,1.30961
Pgall,atlcs,1.29797
DSS-3,atlcs,1.29133
Och114,atlcs,1.30687
nitzsch,atlcs,1.30568
roseo,atlcs,1.29197
bermu,atlcs,1.30194
fang,atlcs,1.18828
CIP,atlcs,1.17958
T6c,atlcs,1.17972
DE,atlcs,1.18374
DE1,atlcs,1.18231
26499,atlcs,1.18246
BS11,atlcs,1.18233
27126,atlcs,1.18286
HOT1A3,atlcs,1.1828
woodyi,atlcs,1.1884
Shewden,atlcs,1.20286
MR1,atlcs,1.19033
Parctic,atlcs,1.22751
psych,atlcs,1.22025
vnat,atlcs,1.19246
vcamp,atlcs,1.1965
azure,atlcs,1.20877
serr,atlcs,1.22657
crono,atlcs,1.22568
25922,atlcs,1.22637
MRE600,atlcs,1.227
bork,atlcs,1.17847
dies,atlcs,1.1755
abie,atlcs,1.18518
salex,atlcs,1.21565
simid,atlcs,1.20113
MMB1,atlcs,1.20407
HP15,atlcs,1.1673
syn,atlcs,1.13686
syn,atlcs,1.19514
pro,atlcs,1.27486
pro,atlcs,1.36834
pro,atlcs,1.37198
T2,fors,1.25173
Ksed,fors,1.28567
salin,fors,1.24957
cstat,fors,1.38226
eryth,fors,1.27
exig,fors,1.10871
kuro,fors,1.08677
Rbalt,fors,1.09343
PR1red,fors,0.49089
owen,fors,0.36219
atlcs,fors,0.16367
fors,fors,0
Fagar,fors,0.20969
jeju,fors,0.20841
kordia,fors,0.21152
Aalgi,fors,0.2235
vorax,fors,1.19385
Sulfuden,fors,1.28476
Sflavi,fors,1.17387
bdim,fors,1.24728
koree,fors,1.22879
Phalo,fors,1.22149
Rsphaer,fors,1.22934
DFL-12,fors,1.26219
Relong,fors,1.27617
plank,fors,1.30742
Pgall,fors,1.29578
DSS-3,fors,1.28914
Och114,fors,1.30468
nitzsch,fors,1.30349
roseo,fors,1.28978
bermu,fors,1.29975
fang,fors,1.18609
CIP,fors,1.17739
T6c,fors,1.17753
DE,fors,1.18155
DE1,fors,1.18012
26499,fors,1.18027
BS11,fors,1.18014
27126,fors,1.18067
HOT1A3,fors,1.18061
woodyi,fors,1.18621
Shewden,fors,1.20067
MR1,fors,1.18814
Parctic,fors,1.22532
psych,fors,1.21806
vnat,fors,1.19027
vcamp,fors,1.19431
azure,fors,1.20658
serr,fors,1.22438
crono,fors,1.22349
25922,fors,1.22418
MRE600,fors,1.22481
bork,fors,1.17628
dies,fors,1.17331
abie,fors,1.18299
salex,fors,1.21346
simid,fors,1.19894
MMB1,fors,1.20188
HP15,fors,1.16511
syn,fors,1.13467
syn,fors,1.19295
pro,fors,1.27267
pro,fors,1.36615
pro,fors,1.36979
T2,Fagar,1.2592
Ksed,Fagar,1.29314
salin,Fagar,1.25704
cstat,Fagar,1.38973
eryth,Fagar,1.27747
exig,Fagar,1.11618
kuro,Fagar,1.09424
Rbalt,Fagar,1.1009
PR1red,Fagar,0.49836
owen,Fagar,0.36966
atlcs,Fagar,0.21188
fors,Fagar,0.20969
Fagar,Fagar,0
jeju,Fagar,0.11176
kordia,Fagar,0.18427
Aalgi,Fagar,0.19625
vorax,Fagar,1.20132
Sulfuden,Fagar,1.29223
Sflavi,Fagar,1.18134
bdim,Fagar,1.25475
koree,Fagar,1.23626
Phalo,Fagar,1.22896
Rsphaer,Fagar,1.23681
DFL-12,Fagar,1.26966
Relong,Fagar,1.28364
plank,Fagar,1.31489
Pgall,Fagar,1.30325
DSS-3,Fagar,1.29661
Och114,Fagar,1.31215
nitzsch,Fagar,1.31096
roseo,Fagar,1.29725
bermu,Fagar,1.30722
fang,Fagar,1.19356
CIP,Fagar,1.18486
T6c,Fagar,1.185
DE,Fagar,1.18902
DE1,Fagar,1.18759
26499,Fagar,1.18774
BS11,Fagar,1.18761
27126,Fagar,1.18814
HOT1A3,Fagar,1.18808
woodyi,Fagar,1.19368
Shewden,Fagar,1.20814
MR1,Fagar,1.19561
Parctic,Fagar,1.23279
psych,Fagar,1.22553
vnat,Fagar,1.19774
vcamp,Fagar,1.20178
azure,Fagar,1.21405
serr,Fagar,1.23185
crono,Fagar,1.23096
25922,Fagar,1.23165
MRE600,Fagar,1.23228
bork,Fagar,1.18375
dies,Fagar,1.18078
abie,Fagar,1.19046
salex,Fagar,1.22093
simid,Fagar,1.20641
MMB1,Fagar,1.20935
HP15,Fagar,1.17258
syn,Fagar,1.14214
syn,Fagar,1.20042
pro,Fagar,1.28014
pro,Fagar,1.37362
pro,Fagar,1.37726
T2,jeju,1.25792
Ksed,jeju,1.29186
salin,jeju,1.25576
cstat,jeju,1.38845
eryth,jeju,1.27619
exig,jeju,1.1149
kuro,jeju,1.09296
Rbalt,jeju,1.09962
PR1red,jeju,0.49708
owen,jeju,0.36838
atlcs,jeju,0.2106
fors,jeju,0.20841
Fagar,jeju,0.11176
jeju,jeju,0
kordia,jeju,0.18299
Aalgi,jeju,0.19497
vorax,jeju,1.20004
Sulfuden,jeju,1.29095
Sflavi,jeju,1.18006
bdim,jeju,1.25347
koree,jeju,1.23498
Phalo,jeju,1.22768
Rsphaer,jeju,1.23553
DFL-12,jeju,1.26838
Relong,jeju,1.28236
plank,jeju,1.31361
Pgall,jeju,1.30197
DSS-3,jeju,1.29533
Och114,jeju,1.31087
nitzsch,jeju,1.30968
roseo,jeju,1.29597
bermu,jeju,1.30594
fang,jeju,1.19228
CIP,jeju,1.18358
T6c,jeju,1.18372
DE,jeju,1.18774
DE1,jeju,1.18631
26499,jeju,1.18646
BS11,jeju,1.18633
27126,jeju,1.18686
HOT1A3,jeju,1.1868
woodyi,jeju,1.1924
Shewden,jeju,1.20686
MR1,jeju,1.19433
Parctic,jeju,1.23151
psych,jeju,1.22425
vnat,jeju,1.19646
vcamp,jeju,1.2005
azure,jeju,1.21277
serr,jeju,1.23057
crono,jeju,1.22968
25922,jeju,1.23037
MRE600,jeju,1.231
bork,jeju,1.18247
dies,jeju,1.1795
abie,jeju,1.18918
salex,jeju,1.21965
simid,jeju,1.20513
MMB1,jeju,1.20807
HP15,jeju,1.1713
syn,jeju,1.14086
syn,jeju,1.19914
pro,jeju,1.27886
pro,jeju,1.37234
pro,jeju,1.37598
T2,kordia,1.26103
Ksed,kordia,1.29497
salin,kordia,1.25887
cstat,kordia,1.39156
eryth,kordia,1.2793
exig,kordia,1.11801
kuro,kordia,1.09607
Rbalt,kordia,1.10273
PR1red,kordia,0.50019
owen,kordia,0.37149
atlcs,kordia,0.21371
fors,kordia,0.21152
Fagar,kordia,0.18427
jeju,kordia,0.18299
kordia,kordia,0
Aalgi,kordia,0.16072
vorax,kordia,1.20315
Sulfuden,kordia,1.29406
Sflavi,kordia,1.18317
bdim,kordia,1.25658
koree,kordia,1.23809
Phalo,kordia,1.23079
Rsphaer,kordia,1.23864
DFL-12,kordia,1.27149
Relong,kordia,1.28547
plank,kordia,1.31672
Pgall,kordia,1.30508
DSS-3,kordia,1.29844
Och114,kordia,1.31398
nitzsch,kordia,1.31279
roseo,kordia,1.29908
bermu,kordia,1.30905
fang,kordia,1.19539
CIP,kordia,1.18669
T6c,kordia,1.18683
DE,kordia,1.19085
DE1,kordia,1.18942
26499,kordia,1.18957
BS11,kordia,1.18944
27126,kordia,1.18997
HOT1A3,kordia,1.18991
woodyi,kordia,1.19551
Shewden,kordia,1.20997
MR1,kordia,1.19744
Parctic,kordia,1.23462
psych,kordia,1.22736
vnat,kordia,1.19957
vcamp,kordia,1.20361
azure,kordia,1.21588
serr,kordia,1.23368
crono,kordia,1.23279
25922,kordia,1.23348
MRE600,kordia,1.23411
bork,kordia,1.18558
dies,kordia,1.18261
abie,kordia,1.19229
salex,kordia,1.22276
simid,kordia,1.20824
MMB1,kordia,1.21118
HP15,kordia,1.17441
syn,kordia,1.14397
syn,kordia,1.20225
pro,kordia,1.28197
pro,kordia,1.37545
pro,kordia,1.37909
T2,Aalgi,1.27301
Ksed,Aalgi,1.30695
salin,Aalgi,1.27085
cstat,Aalgi,1.40354
eryth,Aalgi,1.29128
exig,Aalgi,1.12999
kuro,Aalgi,1.10805
Rbalt,Aalgi,1.11471
PR1red,Aalgi,0.51217
owen,Aalgi,0.38347
atlcs,Aalgi,0.22569
fors,Aalgi,0.2235
Fagar,Aalgi,0.19625
jeju,Aalgi,0.19497
kordia,Aalgi,0.16072
Aalgi,Aalgi,0
vorax,Aalgi,1.21513
Sulfuden,Aalgi,1.30604
Sflavi,Aalgi,1.19515
bdim,Aalgi,1.26856
koree,Aalgi,1.25007
Phalo,Aalgi,1.24277
Rsphaer,Aalgi,1.25062
DFL-12,Aalgi,1.28347
Relong,Aalgi,1.29745
plank,Aalgi,1.3287
Pgall,Aalgi,1.31706
DSS-3,Aalgi,1.31042
Och114,Aalgi,1.32596
nitzsch,Aalgi,1.32477
roseo,Aalgi,1.31106
bermu,Aalgi,1.32103
fang,Aalgi,1.20737
CIP,Aalgi,1.19867
T6c,Aalgi,1.19881
DE,Aalgi,1.20283
DE1,Aalgi,1.2014
26499,Aalgi,1.20155
BS11,Aalgi,1.20142
27126,Aalgi,1.20195
HOT1A3,Aalgi,1.20189
woodyi,Aalgi,1.20749
Shewden,Aalgi,1.22195
MR1,Aalgi,1.20942
Parctic,Aalgi,1.2466
psych,Aalgi,1.23934
vnat,Aalgi,1.21155
vcamp,Aalgi,1.21559
azure,Aalgi,1.22786
serr,Aalgi,1.24566
crono,Aalgi,1.24477
25922,Aalgi,1.24546
MRE600,Aalgi,1.24609
bork,Aalgi,1.19756
dies,Aalgi,1.19459
abie,Aalgi,1.20427
salex,Aalgi,1.23474
simid,Aalgi,1.22022
MMB1,Aalgi,1.22316
HP15,Aalgi,1.18639
syn,Aalgi,1.15595
syn,Aalgi,1.21423
pro,Aalgi,1.29395
pro,Aalgi,1.38743
pro,Aalgi,1.39107
T2,vorax,1.16832
Ksed,vorax,1.20226
salin,vorax,1.16616
cstat,vorax,1.29885
eryth,vorax,1.18659
exig,vorax,1.0253
kuro,vorax,1.00336
Rbalt,vorax,1.12418
PR1red,vorax,1.10214
owen,vorax,1.14664
atlcs,vorax,1.19604
fors,vorax,1.19385
Fagar,vorax,1.20132
jeju,vorax,1.20004
kordia,vorax,1.20315
Aalgi,vorax,1.21513
vorax,vorax,0
Sulfuden,vorax,1.01805
Sflavi,vorax,1.00798
bdim,vorax,1.08139
koree,vorax,1.0629
Phalo,vorax,1.0556
Rsphaer,vorax,1.06345
DFL-12,vorax,1.0963
Relong,vorax,1.11028
plank,vorax,1.14153
Pgall,vorax,1.12989
DSS-3,vorax,1.12325
Och114,vorax,1.13879
nitzsch,vorax,1.1376
roseo,vorax,1.12389
bermu,vorax,1.13386
fang,vorax,1.0202
CIP,vorax,1.0115
T6c,vorax,1.01164
DE,vorax,1.01566
DE1,vorax,1.01423
26499,vorax,1.01438
BS11,vorax,1.01425
27126,vorax,1.01478
HOT1A3,vorax,1.01472
woodyi,vorax,1.02032
Shewden,vorax,1.03478
MR1,vorax,1.02225
Parctic,vorax,1.05943
psych,vorax,1.05217
vnat,vorax,1.02438
vcamp,vorax,1.02842
azure,vorax,1.04069
serr,vorax,1.05849
crono,vorax,1.0576
25922,vorax,1.05829
MRE600,vorax,1.05892
bork,vorax,1.01039
dies,vorax,1.00742
abie,vorax,1.0171
salex,vorax,1.04757
simid,vorax,1.03305
MMB1,vorax,1.03599
HP15,vorax,0.99922
syn,vorax,1.05126
syn,vorax,1.10954
pro,vorax,1.18926
pro,vorax,1.28274
pro,vorax,1.28638
T2,Sulfuden,1.25923
Ksed,Sulfuden,1.29317
salin,Sulfuden,1.25707
cstat,Sulfuden,1.38976
eryth,Sulfuden,1.2775
exig,Sulfuden,1.11621
kuro,Sulfuden,1.09427
Rbalt,Sulfuden,1.21509
PR1red,Sulfuden,1.19305
owen,Sulfuden,1.23755
atlcs,Sulfuden,1.28695
fors,Sulfuden,1.28476
Fagar,Sulfuden,1.29223
jeju,Sulfuden,1.29095
kordia,Sulfuden,1.29406
Aalgi,Sulfuden,1.30604
vorax,Sulfuden,1.01805
Sulfuden,Sulfuden,0
Sflavi,Sulfuden,1.09889
bdim,Sulfuden,1.1723
koree,Sulfuden,1.15381
Phalo,Sulfuden,1.14651
Rsphaer,Sulfuden,1.15436
DFL-12,Sulfuden,1.18721
Relong,Sulfuden,1.20119
plank,Sulfuden,1.23244
Pgall,Sulfuden,1.2208
DSS-3,Sulfuden,1.21416
Och114,Sulfuden,1.2297
nitzsch,Sulfuden,1.22851
roseo,Sulfuden,1.2148
bermu,Sulfuden,1.22477
fang,Sulfuden,1.11111
CIP,Sulfuden,1.10241
T6c,Sulfuden,1.10255
DE,Sulfuden,1.10657
DE1,Sulfuden,1.10514
26499,Sulfuden,1.10529
BS11,Sulfuden,1.10516
27126,Sulfuden,1.10569
HOT1A3,Sulfuden,1.10563
woodyi,Sulfuden,1.11123
Shewden,Sulfuden,1.12569
MR1,Sulfuden,1.11316
Parctic,Sulfuden,1.15034
psych,Sulfuden,1.14308
vnat,Sulfuden,1.11529
vcamp,Sulfuden,1.11933
azure,Sulfuden,1.1316
serr,Sulfuden,1.1494
crono,Sulfuden,1.14851
25922,Sulfuden,1.1492
MRE600,Sulfuden,1.14983
bork,Sulfuden,1.1013
dies,Sulfuden,1.09833
abie,Sulfuden,1.10801
salex,Sulfuden,1.13848
simid,Sulfuden,1.12396
MMB1,Sulfuden,1.1269
HP15,Sulfuden,1.09013
syn,Sulfuden,1.14217
syn,Sulfuden,1.20045
pro,Sulfuden,1.28017
pro,Sulfuden,1.37365
pro,Sulfuden,1.37729
T2,Sflavi,1.14834
Ksed,Sflavi,1.18228
salin,Sflavi,1.14618
cstat,Sflavi,1.27887
eryth,Sflavi,1.16661
exig,Sflavi,1.00532
kuro,Sflavi,0.98338
Rbalt,Sflavi,1.1042
PR1red,Sflavi,1.08216
owen,Sflavi,1.12666
atlcs,Sflavi,1.17606
fors,Sflavi,1.17387
Fagar,Sflavi,1.18134
jeju,Sflavi,1.18006
kordia,Sflavi,1.18317
Aalgi,Sflavi,1.19515
vorax,Sflavi,1.00798
Sulfuden,Sflavi,1.09889
Sflavi,Sflavi,0
bdim,Sflavi,0.58225
koree,Sflavi,0.56376
Phalo,Sflavi,0.55646
Rsphaer,Sflavi,0.56431
DFL-12,Sflavi,0.59716
Relong,Sflavi,0.61114
plank,Sflavi,0.64239
Pgall,Sflavi,0.63075
DSS-3,Sflavi,0.62411
Och114,Sflavi,0.63965
nitzsch,Sflavi,0.63846
roseo,Sflavi,0.62475
bermu,Sflavi,0.63472
fang,Sflavi,0.8666
CIP,Sflavi,0.8579
T6c,Sflavi,0.85804
DE,Sflavi,0.86206
DE1,Sflavi,0.86063
26499,Sflavi,0.86078
BS11,Sflavi,0.86065
27126,Sflavi,0.86118
HOT1A3,Sflavi,0.86112
woodyi,Sflavi,0.86672
Shewden,Sflavi,0.88118
MR1,Sflavi,0.86865
Parctic,Sflavi,0.90583
psych,Sflavi,0.89857
vnat,Sflavi,0.87078
vcamp,Sflavi,0.87482
azure,Sflavi,0.88709
serr,Sflavi,0.90489
crono,Sflavi,0.904
25922,Sflavi,0.90469
MRE600,Sflavi,0.90532
bork,Sflavi,0.85679
dies,Sflavi,0.85382
abie,Sflavi,0.8635
salex,Sflavi,0.89397
simid,Sflavi,0.87945
MMB1,Sflavi,0.88239
HP15,Sflavi,0.84562
syn,Sflavi,1.03128
syn,Sflavi,1.08956
pro,Sflavi,1.16928
pro,Sflavi,1.26276
pro,Sflavi,1.2664
T2,bdim,1.22175
Ksed,bdim,1.25569
salin,bdim,1.21959
cstat,bdim,1.35228
eryth,bdim,1.24002
exig,bdim,1.07873
kuro,bdim,1.05679
Rbalt,bdim,1.17761
PR1red,bdim,1.15557
owen,bdim,1.20007
atlcs,bdim,1.24947
fors,bdim,1.24728
Fagar,bdim,1.25475
jeju,bdim,1.25347
kordia,bdim,1.25658
Aalgi,bdim,1.26856
vorax,bdim,1.08139
Sulfuden,bdim,1.1723
Sflavi,bdim,0.58225
bdim,bdim,0
koree,bdim,0.42573
Phalo,bdim,0.54267
Rsphaer,bdim,0.55052
DFL-12,bdim,0.58337
Relong,bdim,0.59735
plank,bdim,0.6286
Pgall,bdim,0.61696
DSS-3,bdim,0.61032
Och114,bdim,0.62586
nitzsch,bdim,0.62467
roseo,bdim,0.61096
bermu,bdim,0.62093
fang,bdim,0.94001
CIP,bdim,0.93131
T6c,bdim,0.93145
DE,bdim,0.93547
DE1,bdim,0.93404
26499,bdim,0.93419
BS11,bdim,0.93406
27126,bdim,0.93459
HOT1A3,bdim,0.93453
woodyi,bdim,0.94013
Shewden,bdim,0.95459
MR1,bdim,0.94206
Parctic,bdim,0.97924
psych,bdim,0.97198
vnat,bdim,0.94419
vcamp,bdim,0.94823
azure,bdim,0.9605
serr,bdim,0.9783
crono,bdim,0.97741
25922,bdim,0.9781
MRE600,bdim,0.97873
bork,bdim,0.9302
dies,bdim,0.92723
abie,bdim,0.93691
salex,bdim,0.96738
simid,bdim,0.95286
MMB1,bdim,0.9558
HP15,bdim,0.91903
syn,bdim,1.10469
syn,bdim,1.16297
pro,bdim,1.24269
pro,bdim,1.33617
pro,bdim,1.33981
T2,koree,1.20326
Ksed,koree,1.2372
salin,koree,1.2011
cstat,koree,1.33379
eryth,koree,1.22153
exig,koree,1.06024
kuro,koree,1.0383
Rbalt,koree,1.15912
PR1red,koree,1.13708
owen,koree,1.18158
atlcs,koree,1.23098
fors,koree,1.22879
Fagar,koree,1.23626
jeju,koree,1.23498
kordia,koree,1.23809
Aalgi,koree,1.25007
vorax,koree,1.0629
Sulfuden,koree,1.15381
Sflavi,koree,0.56376
bdim,koree,0.42573
koree,koree,0
Phalo,koree,0.52418
Rsphaer,koree,0.53203
DFL-12,koree,0.56488
Relong,koree,0.57886
plank,koree,0.61011
Pgall,koree,0.59847
DSS-3,koree,0.59183
Och114,koree,0.60737
nitzsch,koree,0.60618
roseo,koree,0.59247
bermu,koree,0.60244
fang,koree,0.92152
CIP,koree,0.91282
T6c,koree,0.91296
DE,koree,0.91698
DE1,koree,0.91555
26499,koree,0.9157
BS11,koree,0.91557
27126,koree,0.9161
HOT1A3,koree,0.91604
woodyi,koree,0.92164
Shewden,koree,0.9361
MR1,koree,0.92357
Parctic,koree,0.96075
psych,koree,0.95349
vnat,koree,0.9257
vcamp,koree,0.92974
azure,koree,0.94201
serr,koree,0.95981
crono,koree,0.95892
25922,koree,0.95961
MRE600,koree,0.96024
bork,koree,0.91171
dies,koree,0.90874
abie,koree,0.91842
salex,koree,0.94889
simid,koree,0.93437
MMB1,koree,0.93731
HP15,koree,0.90054
syn,koree,1.0862
syn,koree,1.14448
pro,koree,1.2242
pro,koree,1.31768
pro,koree,1.32132
T2,Phalo,1.19596
Ksed,Phalo,1.2299
salin,Phalo,1.1938
cstat,Phalo,1.32649
eryth,Phalo,1.21423
exig,Phalo,1.05294
kuro,Phalo,1.031
Rbalt,Phalo,1.15182
PR1red,Phalo,1.12978
owen,Phalo,1.17428
atlcs,Phalo,1.22368
fors,Phalo,1.22149
Fagar,Phalo,1.22896
jeju,Phalo,1.22768
kordia,Phalo,1.23079
Aalgi,Phalo,1.24277
vorax,Phalo,1.0556
Sulfuden,Phalo,1.14651
Sflavi,Phalo,0.55646
bdim,Phalo,0.54267
koree,Phalo,0.52418
Phalo,Phalo,0
Rsphaer,Phalo,0.45647
DFL-12,Phalo,0.48932
Relong,Phalo,0.5033
plank,Phalo,0.53455
Pgall,Phalo,0.52291
DSS-3,Phalo,0.51627
Och114,Phalo,0.53181
nitzsch,Phalo,0.53062
roseo,Phalo,0.51691
bermu,Phalo,0.52688
fang,Phalo,0.91422
CIP,Phalo,0.90552
T6c,Phalo,0.90566
DE,Phalo,0.90968
DE1,Phalo,0.90825
26499,Phalo,0.9084
BS11,Phalo,0.90827
27126,Phalo,0.9088
HOT1A3,Phalo,0.90874
woodyi,Phalo,0.91434
Shewden,Phalo,0.9288
MR1,Phalo,0.91627
Parctic,Phalo,0.95345
psych,Phalo,0.94619
vnat,Phalo,0.9184
vcamp,Phalo,0.92244
azure,Phalo,0.93471
serr,Phalo,0.95251
crono,Phalo,0.95162
25922,Phalo,0.95231
MRE600,Phalo,0.95294
bork,Phalo,0.90441
dies,Phalo,0.90144
abie,Phalo,0.91112
salex,Phalo,0.94159
simid,Phalo,0.92707
MMB1,Phalo,0.93001
HP15,Phalo,0.89324
syn,Phalo,1.0789
syn,Phalo,1.13718
pro,Phalo,1.2169
pro,Phalo,1.31038
pro,Phalo,1.31402
T2,Rsphaer,1.20381
Ksed,Rsphaer,1.23775
salin,Rsphaer,1.20165
cstat,Rsphaer,1.33434
eryth,Rsphaer,1.22208
exig,Rsphaer,1.06079
kuro,Rsphaer,1.03885
Rbalt,Rsphaer,1.15967
PR1red,Rsphaer,1.13763
owen,Rsphaer,1.18213
atlcs,Rsphaer,1.23153
fors,Rsphaer,1.22934
Fagar,Rsphaer,1.23681
jeju,Rsphaer,1.23553
kordia,Rsphaer,1.23864
Aalgi,Rsphaer,1.25062
vorax,Rsphaer,1.06345
Sulfuden,Rsphaer,1.15436
Sflavi,Rsphaer,0.56431
bdim,Rsphaer,0.55052
koree,Rsphaer,0.53203
Phalo,Rsphaer,0.45647
Rsphaer,Rsphaer,0
DFL-12,Rsphaer,0.20849
Relong,Rsphaer,0.22247
plank,Rsphaer,0.25372
Pgall,Rsphaer,0.24208
DSS-3,Rsphaer,0.23544
Och114,Rsphaer,0.25098
nitzsch,Rsphaer,0.24979
roseo,Rsphaer,0.23608
bermu,Rsphaer,0.24605
fang,Rsphaer,0.92207
CIP,Rsphaer,0.91337
T6c,Rsphaer,0.91351
DE,Rsphaer,0.91753
DE1,Rsphaer,0.9161
26499,Rsphaer,0.91625
BS11,Rsphaer,0.91612
27126,Rsphaer,0.91665
HOT1A3,Rsphaer,0.91659
woodyi,Rsphaer,0.92219
Shewden,Rsphaer,0.93665
MR1,Rsphaer,0.92412
Parctic,Rsphaer,0.9613
psych,Rsphaer,0.95404
vnat,Rsphaer,0.92625
vcamp,Rsphaer,0.93029
azure,Rsphaer,0.94256
serr,Rsphaer,0.96036
crono,Rsphaer,0.95947
25922,Rsphaer,0.96016
MRE600,Rsphaer,0.96079
bork,Rsphaer,0.91226
dies,Rsphaer,0.90929
abie,Rsphaer,0.91897
salex,Rsphaer,0.94944
simid,Rsphaer,0.93492
MMB1,Rsphaer,0.93786
HP15,Rsphaer,0.90109
syn,Rsphaer,1.08675
syn,Rsphaer,1.14503
pro,Rsphaer,1.22475
pro,Rsphaer,1.31823
pro,Rsphaer,1.32187
T2,DFL-12,1.23666
Ksed,DFL-12,1.2706
salin,DFL-12,1.2345
cstat,DFL-12,1.36719
eryth,DFL-12,1.25493
exig,DFL-12,1.09364
kuro,DFL-12,1.0717
Rbalt,DFL-12,1.19252
PR1red,DFL-12,1.17048
owen,DFL-12,1.21498
atlcs,DFL-12,1.26438
fors,DFL-12,1.26219
Fagar,DFL-12,1.26966
jeju,DFL-12,1.26838
kordia,DFL-12,1.27149
Aalgi,DFL-12,1.28347
vorax,DFL-12,1.0963
Sulfuden,DFL-12,1.18721
Sflavi,DFL-12,0.59716
bdim,DFL-12,0.58337
koree,DFL-12,0.56488
Phalo,DFL-12,0.48932
Rsphaer,DFL-12,0.20849
DFL-12,DFL-12,0
Relong,DFL-12,0.16374
plank,DFL-12,0.22765
Pgall,DFL-12,0.21601
DSS-3,DFL-12,0.20937
Och114,DFL-12,0.22491
nitzsch,DFL-12,0.22372
roseo,DFL-12,0.21001
bermu,DFL-12,0.21998
fang,DFL-12,0.95492
CIP,DFL-12,0.94622
T6c,DFL-12,0.94636
DE,DFL-12,0.95038
DE1,DFL-12,0.94895
26499,DFL-12,0.9491
BS11,DFL-12,0.94897
27126,DFL-12,0.9495
HOT1A3,DFL-12,0.94944
woodyi,DFL-12,0.95504
Shewden,DFL-12,0.9695
MR1,DFL-12,0.95697
Parctic,DFL-12,0.99415
psych,DFL-12,0.98689
vnat,DFL-12,0.9591
vcamp,DFL-12,0.96314
azure,DFL-12,0.97541
serr,DFL-12,0.99321
crono,DFL-12,0.99232
25922,DFL-12,0.99301
MRE600,DFL-12,0.99364
bork,DFL-12,0.94511
dies,DFL-12,0.94214
abie,DFL-12,0.95182
salex,DFL-12,0.98229
simid,DFL-12,0.96777
MMB1,DFL-12,0.97071
HP15,DFL-12,0.93394
syn,DFL-12,1.1196
syn,DFL-12,1.17788
pro,DFL-12,1.2576
pro,DFL-12,1.35108
pro,DFL-12,1.35472
T2,Relong,1.25064
Ksed,Relong,1.28458
salin,Relong,1.24848
cstat,Relong,1.38117
eryth,Relong,1.26891
exig,Relong,1.10762
kuro,Relong,1.08568
Rbalt,Relong,1.2065
PR1red,Relong,1.18446
owen,Relong,1.22896
atlcs,Relong,1.27836
fors,Relong,1.27617
Fagar,Relong,1.28364
jeju,Relong,1.28236
kordia,Relong,1.28547
Aalgi,Relong,1.29745
vorax,Relong,1.11028
Sulfuden,Relong,1.20119
Sflavi,Relong,0.61114
bdim,Relong,0.59735
koree,Relong,0.57886
Phalo,Relong,0.5033
Rsphaer,Relong,0.22247
DFL-12,Relong,0.16374
Relong,Relong,0
plank,Relong,0.24163
Pgall,Relong,0.22999
DSS-3,Relong,0.22335
Och114,Relong,0.23889
nitzsch,Relong,0.2377
roseo,Relong,0.22399
bermu,Relong,0.23396
fang,Relong,0.9689
CIP,Relong,0.9602
T6c,Relong,0.96034
DE,Relong,0.96436
DE1,Relong,0.96293
26499,Relong,0.96308
BS11,Relong,0.96295
27126,Relong,0.96348
HOT1A3,Relong,0.96342
woodyi,Relong,0.96902
Shewden,Relong,0.98348
MR1,Relong,0.97095
Parctic,Relong,1.00813
psych,Relong,1.00087
vnat,Relong,0.97308
vcamp,Relong,0.97712
azure,Relong,0.98939
serr,Relong,1.00719
crono,Relong,1.0063
25922,Relong,1.00699
MRE600,Relong,1.00762
bork,Relong,0.95909
dies,Relong,0.95612
abie,Relong,0.9658
salex,Relong,0.99627
simid,Relong,0.98175
MMB1,Relong,0.98469
HP15,Relong,0.94792
syn,Relong,1.13358
syn,Relong,1.19186
pro,Relong,1.27158
pro,Relong,1.36506
pro,Relong,1.3687
T2,plank,1.28189
Ksed,plank,1.31583
salin,plank,1.27973
cstat,plank,1.41242
eryth,plank,1.30016
exig,plank,1.13887
kuro,plank,1.11693
Rbalt,plank,1.23775
PR1red,plank,1.21571
owen,plank,1.26021
atlcs,plank,1.30961
fors,plank,1.30742
Fagar,plank,1.31489
jeju,plank,1.31361
kordia,plank,1.31672
Aalgi,plank,1.3287
vorax,plank,1.14153
Sulfuden,plank,1.23244
Sflavi,plank,0.64239
bdim,plank,0.6286
koree,plank,0.61011
Phalo,plank,0.53455
Rsphaer,plank,0.25372
DFL-12,plank,0.22765
Relong,plank,0.24163
plank,plank,0
Pgall,plank,0.22906
DSS-3,plank,0.22242
Och114,plank,0.23796
nitzsch,plank,0.23677
roseo,plank,0.22306
bermu,plank,0.23303
fang,plank,1.00015
CIP,plank,0.99145
T6c,plank,0.99159
DE,plank,0.99561
DE1,plank,0.99418
26499,plank,0.99433
BS11,plank,0.9942
27126,plank,0.99473
HOT1A3,plank,0.99467
woodyi,plank,1.00027
Shewden,plank,1.01473
MR1,plank,1.0022
Parctic,plank,1.03938
psych,plank,1.03212
vnat,plank,1.00433
vcamp,plank,1.00837
azure,plank,1.02064
serr,plank,1.03844
crono,plank,1.03755
25922,plank,1.03824
MRE600,plank,1.03887
bork,plank,0.99034
dies,plank,0.98737
abie,plank,0.99705
salex,plank,1.02752
simid,plank,1.013
MMB1,plank,1.01594
HP15,plank,0.97917
syn,plank,1.16483
syn,plank,1.22311
pro,plank,1.30283
pro,plank,1.39631
pro,plank,1.39995
T2,Pgall,1.27025
Ksed,Pgall,1.30419
salin,Pgall,1.26809
cstat,Pgall,1.40078
eryth,Pgall,1.28852
exig,Pgall,1.12723
kuro,Pgall,1.10529
Rbalt,Pgall,1.22611
PR1red,Pgall,1.20407
owen,Pgall,1.24857
atlcs,Pgall,1.29797
fors,Pgall,1.29578
Fagar,Pgall,1.30325
jeju,Pgall,1.30197
kordia,Pgall,1.30508
Aalgi,Pgall,1.31706
vorax,Pgall,1.12989
Sulfuden,Pgall,1.2208
Sflavi,Pgall,0.63075
bdim,Pgall,0.61696
koree,Pgall,0.59847
Phalo,Pgall,0.52291
Rsphaer,Pgall,0.24208
DFL-12,Pgall,0.21601
Relong,Pgall,0.22999
plank,Pgall,0.22906
Pgall,Pgall,0
DSS-3,Pgall,0.1006
Och114,Pgall,0.163
nitzsch,Pgall,0.16181
roseo,Pgall,0.17946
bermu,Pgall,0.18943
fang,Pgall,0.98851
CIP,Pgall,0.97981
T6c,Pgall,0.97995
DE,Pgall,0.98397
DE1,Pgall,0.98254
26499,Pgall,0.98269
BS11,Pgall,0.98256
27126,Pgall,0.98309
HOT1A3,Pgall,0.98303
woodyi,Pgall,0.98863
Shewden,Pgall,1.00309
MR1,Pgall,0.99056
Parctic,Pgall,1.02774
psych,Pgall,1.02048
vnat,Pgall,0.99269
vcamp,Pgall,0.99673
azure,Pgall,1.009
serr,Pgall,1.0268
crono,Pgall,1.02591
25922,Pgall,1.0266
MRE600,Pgall,1.02723
bork,Pgall,0.9787
dies,Pgall,0.97573
abie,Pgall,0.98541
salex,Pgall,1.01588
simid,Pgall,1.00136
MMB1,Pgall,1.0043
HP15,Pgall,0.96753
syn,Pgall,1.15319
syn,Pgall,1.21147
pro,Pgall,1.29119
pro,Pgall,1.38467
pro,Pgall,1.38831
T2,DSS-3,1.26361
Ksed,DSS-3,1.29755
salin,DSS-3,1.26145
cstat,DSS-3,1.39414
eryth,DSS-3,1.28188
exig,DSS-3,1.12059
kuro,DSS-3,1.09865
Rbalt,DSS-3,1.21947
PR1red,DSS-3,1.19743
owen,DSS-3,1.24193
atlcs,DSS-3,1.29133
fors,DSS-3,1.28914
Fagar,DSS-3,1.29661
jeju,DSS-3,1.29533
kordia,DSS-3,1.29844
Aalgi,DSS-3,1.31042
vorax,DSS-3,1.12325
Sulfuden,DSS-3,1.21416
Sflavi,DSS-3,0.62411
bdim,DSS-3,0.61032
koree,DSS-3,0.59183
Phalo,DSS-3,0.51627
Rsphaer,DSS-3,0.23544
DFL-12,DSS-3,0.20937
Relong,DSS-3,0.22335
plank,DSS-3,0.22242
Pgall,DSS-3,0.1006
DSS-3,DSS-3,0
Och114,DSS-3,0.15636
nitzsch,DSS-3,0.15517
roseo,DSS-3,0.17282
bermu,DSS-3,0.18279
fang,DSS-3,0.98187
CIP,DSS-3,0.97317
T6c,DSS-3,0.97331
DE,DSS-3,0.97733
DE1,DSS-3,0.9759
26499,DSS-3,0.97605
BS11,DSS-3,0.97592
27126,DSS-3,0.97645
HOT1A3,DSS-3,0.97639
woodyi,DSS-3,0.98199
Shewden,DSS-3,0.99645
MR1,DSS-3,0.98392
Parctic,DSS-3,1.0211
psych,DSS-3,1.01384
vnat,DSS-3,0.98605
vcamp,DSS-3,0.99009
azure,DSS-3,1.00236
serr,DSS-3,1.02016
crono,DSS-3,1.01927
25922,DSS-3,1.01996
MRE600,DSS-3,1.02059
bork,DSS-3,0.97206
dies,DSS-3,0.96909
abie,DSS-3,0.97877
salex,DSS-3,1.00924
simid,DSS-3,0.99472
MMB1,DSS-3,0.99766
HP15,DSS-3,0.96089
syn,DSS-3,1.14655
syn,DSS-3,1.20483
pro,DSS-3,1.28455
pro,DSS-3,1.37803
pro,DSS-3,1.38167
T2,Och114,1.27915
Ksed,Och114,1.31309
salin,Och114,1.27699
cstat,Och114,1.40968
eryth,Och114,1.29742
exig,Och114,1.13613
kuro,Och114,1.11419
Rbalt,Och114,1.23501
PR1red,Och114,1.21297
owen,Och114,1.25747
atlcs,Och114,1.30687
fors,Och114,1.30468
Fagar,Och114,1.31215
jeju,Och114,1.31087
kordia,Och114,1.31398
Aalgi,Och114,1.32596
vorax,Och114,1.13879
Sulfuden,Och114,1.2297
Sflavi,Och114,0.63965
bdim,Och114,0.62586
koree,Och114,0.60737
Phalo,Och114,0.53181
Rsphaer,Och114,0.25098
DFL-12,Och114,0.22491
Relong,Och114,0.23889
plank,Och114,0.23796
Pgall,Och114,0.163
DSS-3,Och114,0.15636
Och114,Och114,0
nitzsch,Och114,0.12043
roseo,Och114,0.18836
bermu,Och114,0.19833
fang,Och114,0.99741
CIP,Och114,0.98871
T6c,Och114,0.98885
DE,Och114,0.99287
DE1,Och114,0.99144
26499,Och114,0.99159
BS11,Och114,0.99146
27126,Och114,0.99199
HOT1A3,Och114,0.99193
woodyi,Och114,0.99753
Shewden,Och114,1.01199
MR1,Och114,0.99946
Parctic,Och114,1.03664
psych,Och114,1.02938
vnat,Och114,1.00159
vcamp,Och114,1.00563
azure,Och114,1.0179
serr,Och114,1.0357
crono,Och114,1.03481
25922,Och114,1.0355
MRE600,Och114,1.03613
bork,Och114,0.9876
dies,Och114,0.98463
abie,Och114,0.99431
salex,Och114,1.02478
simid,Och114,1.01026
MMB1,Och114,1.0132
HP15,Och114,0.97643
syn,Och114,1.16209
syn,Och114,1.22037
pro,Och114,1.30009
pro,Och114,1.39357
pro,Och114,1.39721
T2,nitzsch,1.27796
Ksed,nitzsch,1.3119
salin,nitzsch,1.2758
cstat,nitzsch,1.40849
eryth,nitzsch,1.29623
exig,nitzsch,1.13494
kuro,nitzsch,1.113
Rbalt,nitzsch,1.23382
PR1red,nitzsch,1.21178
owen,nitzsch,1.25628
atlcs,nitzsch,1.30568
fors,nitzsch,1.30349
Fagar,nitzsch,1.31096
jeju,nitzsch,1.30968
kordia,nitzsch,1.31279
Aalgi,nitzsch,1.32477
vorax,nitzsch,1.1376
Sulfuden,nitzsch,1.22851
Sflavi,nitzsch,0.63846
bdim,nitzsch,0.62467
koree,nitzsch,0.60618
Phalo,nitzsch,0.53062
Rsphaer,nitzsch,0.24979
DFL-12,nitzsch,0.22372
Relong,nitzsch,0.2377
plank,nitzsch,0.23677
Pgall,nitzsch,0.16181
DSS-3,nitzsch,0.15517
Och114,nitzsch,0.12043
nitzsch,nitzsch,0
roseo,nitzsch,0.18717
bermu,nitzsch,0.19714
fang,nitzsch,0.99622
CIP,nitzsch,0.98752
T6c,nitzsch,0.98766
DE,nitzsch,0.99168
DE1,nitzsch,0.99025
26499,nitzsch,0.9904
BS11,nitzsch,0.99027
27126,nitzsch,0.9908
HOT1A3,nitzsch,0.99074
woodyi,nitzsch,0.99634
Shewden,nitzsch,1.0108
MR1,nitzsch,0.99827
Parctic,nitzsch,1.03545
psych,nitzsch,1.02819
vnat,nitzsch,1.0004
vcamp,nitzsch,1.00444
azure,nitzsch,1.01671
serr,nitzsch,1.03451
crono,nitzsch,1.03362
25922,nitzsch,1.03431
MRE600,nitzsch,1.03494
bork,nitzsch,0.98641
dies,nitzsch,0.98344
abie,nitzsch,0.99312
salex,nitzsch,1.02359
simid,nitzsch,1.00907
MMB1,nitzsch,1.01201
HP15,nitzsch,0.97524
syn,nitzsch,1.1609
syn,nitzsch,1.21918
pro,nitzsch,1.2989
pro,nitzsch,1.39238
pro,nitzsch,1.39602
T2,roseo,1.26425
Ksed,roseo,1.29819
salin,roseo,1.26209
cstat,roseo,1.39478
eryth,roseo,1.28252
exig,roseo,1.12123
kuro,roseo,1.09929
Rbalt,roseo,1.22011
PR1red,roseo,1.19807
owen,roseo,1.24257
atlcs,roseo,1.29197
fors,roseo,1.28978
Fagar,roseo,1.29725
jeju,roseo,1.29597
kordia,roseo,1.29908
Aalgi,roseo,1.31106
vorax,roseo,1.12389
Sulfuden,roseo,1.2148
Sflavi,roseo,0.62475
bdim,roseo,0.61096
koree,roseo,0.59247
Phalo,roseo,0.51691
Rsphaer,roseo,0.23608
DFL-12,roseo,0.21001
Relong,roseo,0.22399
plank,roseo,0.22306
Pgall,roseo,0.17946
DSS-3,roseo,0.17282
Och114,roseo,0.18836
nitzsch,roseo,0.18717
roseo,roseo,0
bermu,roseo,0.15367
fang,roseo,0.98251
CIP,roseo,0.97381
T6c,roseo,0.97395
DE,roseo,0.97797
DE1,roseo,0.97654
26499,roseo,0.97669
BS11,roseo,0.97656
27126,roseo,0.97709
HOT1A3,roseo,0.97703
woodyi,roseo,0.98263
Shewden,roseo,0.99709
MR1,roseo,0.98456
Parctic,roseo,1.02174
psych,roseo,1.01448
vnat,roseo,0.98669
vcamp,roseo,0.99073
azure,roseo,1.003
serr,roseo,1.0208
crono,roseo,1.01991
25922,roseo,1.0206
MRE600,roseo,1.02123
bork,roseo,0.9727
dies,roseo,0.96973
abie,roseo,0.97941
salex,roseo,1.00988
simid,roseo,0.99536
MMB1,roseo,0.9983
HP15,roseo,0.96153
syn,roseo,1.14719
syn,roseo,1.20547
pro,roseo,1.28519
pro,roseo,1.37867
pro,roseo,1.38231
T2,bermu,1.27422
Ksed,bermu,1.30816
salin,bermu,1.27206
cstat,bermu,1.40475
eryth,bermu,1.29249
exig,bermu,1.1312
kuro,bermu,1.10926
Rbalt,bermu,1.23008
PR1red,bermu,1.20804
owen,bermu,1.25254
atlcs,bermu,1.30194
fors,bermu,1.29975
Fagar,bermu,1.30722
jeju,bermu,1.30594
kordia,bermu,1.30905
Aalgi,bermu,1.32103
vorax,bermu,1.13386
Sulfuden,bermu,1.22477
Sflavi,bermu,0.63472
bdim,bermu,0.62093
koree,bermu,0.60244
Phalo,bermu,0.52688
Rsphaer,bermu,0.24605
DFL-12,bermu,0.21998
Relong,bermu,0.23396
plank,bermu,0.23303
Pgall,bermu,0.18943
DSS-3,bermu,0.18279
Och114,bermu,0.19833
nitzsch,bermu,0.19714
roseo,bermu,0.15367
bermu,bermu,0
fang,bermu,0.99248
CIP,bermu,0.98378
T6c,bermu,0.98392
DE,bermu,0.98794
DE1,bermu,0.98651
26499,bermu,0.98666
BS11,bermu,0.98653
27126,bermu,0.98706
HOT1A3,bermu,0.987
woodyi,bermu,0.9926
Shewden,bermu,1.00706
MR1,bermu,0.99453
Parctic,bermu,1.03171
psych,bermu,1.02445
vnat,bermu,0.99666
vcamp,bermu,1.0007
azure,bermu,1.01297
serr,bermu,1.03077
crono,bermu,1.02988
25922,bermu,1.03057
MRE600,bermu,1.0312
bork,bermu,0.98267
dies,bermu,0.9797
abie,bermu,0.98938
salex,bermu,1.01985
simid,bermu,1.00533
MMB1,bermu,1.00827
HP15,bermu,0.9715
syn,bermu,1.15716
syn,bermu,1.21544
pro,bermu,1.29516
pro,bermu,1.38864
pro,bermu,1.39228
T2,fang,1.16056
Ksed,fang,1.1945
salin,fang,1.1584
cstat,fang,1.29109
eryth,fang,1.17883
exig,fang,1.01754
kuro,fang,0.9956
Rbalt,fang,1.11642
PR1red,fang,1.09438
owen,fang,1.13888
atlcs,fang,1.18828
fors,fang,1.18609
Fagar,fang,1.19356
jeju,fang,1.19228
kordia,fang,1.19539
Aalgi,fang,1.20737
vorax,fang,1.0202
Sulfuden,fang,1.11111
Sflavi,fang,0.8666
bdim,fang,0.94001
koree,fang,0.92152
Phalo,fang,0.91422
Rsphaer,fang,0.92207
DFL-12,fang,0.95492
Relong,fang,0.9689
plank,fang,1.00015
Pgall,fang,0.98851
DSS-3,fang,0.98187
Och114,fang,0.99741
nitzsch,fang,0.99622
roseo,fang,0.98251
bermu,fang,0.99248
fang,fang,0
CIP,fang,0.60566
T6c,fang,0.6058
DE,fang,0.60982
DE1,fang,0.60839
26499,fang,0.60854
BS11,fang,0.60841
27126,fang,0.60894
HOT1A3,fang,0.60888
woodyi,fang,0.61448
Shewden,fang,0.62894
MR1,fang,0.61641
Parctic,fang,0.65359
psych,fang,0.64633
vnat,fang,0.61854
vcamp,fang,0.62258
azure,fang,0.63485
serr,fang,0.65265
crono,fang,0.65176
25922,fang,0.65245
MRE600,fang,0.65308
bork,fang,0.60455
dies,fang,0.60158
abie,fang,0.61126
salex,fang,0.64173
simid,fang,0.62721
MMB1,fang,0.63015
HP15,fang,0.59338
syn,fang,1.0435
syn,fang,1.10178
pro,fang,1.1815
pro,fang,1.27498
pro,fang,1.27862
T2,CIP,1.15186
Ksed,CIP,1.1858
salin,CIP,1.1497
cstat,CIP,1.28239
eryth,CIP,1.17013
exig,CIP,1.00884
kuro,CIP,0.9869
Rbalt,CIP,1.10772
PR1red,CIP,1.08568
owen,CIP,1.13018
atlcs,CIP,1.17958
fors,CIP,1.17739
Fagar,CIP,1.18486
jeju,CIP,1.18358
kordia,CIP,1.18669
Aalgi,CIP,1.19867
vorax,CIP,1.0115
Sulfuden,CIP,1.10241
Sflavi,CIP,0.8579
bdim,CIP,0.93131
koree,CIP,0.91282
Phalo,CIP,0.90552
Rsphaer,CIP,0.91337
DFL-12,CIP,0.94622
Relong,CIP,0.9602
plank,CIP,0.99145
Pgall,CIP,0.97981
DSS-3,CIP,0.97317
Och114,CIP,0.98871
nitzsch,CIP,0.98752
roseo,CIP,0.97381
bermu,CIP,0.98378
fang,CIP,0.60566
CIP,CIP,0
T6c,CIP,0.2698
DE,CIP,0.27382
DE1,CIP,0.27239
26499,CIP,0.27254
BS11,CIP,0.27241
27126,CIP,0.27294
HOT1A3,CIP,0.27288
woodyi,CIP,0.32168
Shewden,CIP,0.33614
MR1,CIP,0.32361
Parctic,CIP,0.36079
psych,CIP,0.35353
vnat,CIP,0.32574
vcamp,CIP,0.32978
azure,CIP,0.34205
serr,CIP,0.35985
crono,CIP,0.35896
25922,CIP,0.35965
MRE600,CIP,0.36028
bork,CIP,0.49019
dies,CIP,0.48722
abie,CIP,0.4969
salex,CIP,0.52737
simid,CIP,0.51285
MMB1,CIP,0.51579
HP15,CIP,0.47902
syn,CIP,1.0348
syn,CIP,1.09308
pro,CIP,1.1728
pro,CIP,1.26628
pro,CIP,1.26992
T2,T6c,1.152
Ksed,T6c,1.18594
salin,T6c,1.14984
cstat,T6c,1.28253
eryth,T6c,1.17027
exig,T6c,1.00898
kuro,T6c,0.98704
Rbalt,T6c,1.10786
PR1red,T6c,1.08582
owen,T6c,1.13032
atlcs,T6c,1.17972
fors,T6c,1.17753
Fagar,T6c,1.185
jeju,T6c,1.18372
kordia,T6c,1.18683
Aalgi,T6c,1.19881
vorax,T6c,1.01164
Sulfuden,T6c,1.10255
Sflavi,T6c,0.85804
bdim,T6c,0.93145
koree,T6c,0.91296
Phalo,T6c,0.90566
Rsphaer,T6c,0.91351
DFL-12,T6c,0.94636
Relong,T6c,0.96034
plank,T6c,0.99159
Pgall,T6c,0.97995
DSS-3,T6c,0.97331
Och114,T6c,0.98885
nitzsch,T6c,0.98766
roseo,T6c,0.97395
bermu,T6c,0.98392
fang,T6c,0.6058
CIP,T6c,0.2698
T6c,T6c,0
DE,T6c,0.1567
DE1,T6c,0.15527
26499,T6c,0.15542
BS11,T6c,0.15529
27126,T6c,0.15582
HOT1A3,T6c,0.15576
woodyi,T6c,0.32182
Shewden,T6c,0.33628
MR1,T6c,0.32375
Parctic,T6c,0.36093
psych,T6c,0.35367
vnat,T6c,0.32588
vcamp,T6c,0.32992
azure,T6c,0.34219
serr,T6c,0.35999
crono,T6c,0.3591
25922,T6c,0.35979
MRE600,T6c,0.36042
bork,T6c,0.49033
dies,T6c,0.48736
abie,T6c,0.49704
salex,T6c,0.52751
simid,T6c,0.51299
MMB1,T6c,0.51593
HP15,T6c,0.47916
syn,T6c,1.03494
syn,T6c,1.09322
pro,T6c,1.17294
pro,T6c,1.26642
pro,T6c,1.27006
T2,DE,1.15602
Ksed,DE,1.18996
salin,DE,1.15386
cstat,DE,1.28655
eryth,DE,1.17429
exig,DE,1.013
kuro,DE,0.99106
Rbalt,DE,1.11188
PR1red,DE,1.08984
owen,DE,1.13434
atlcs,DE,1.18374
fors,DE,1.18155
Fagar,DE,1.18902
jeju,DE,1.18774
kordia,DE,1.19085
Aalgi,DE,1.20283
vorax,DE,1.01566
Sulfuden,DE,1.10657
Sflavi,DE,0.86206
bdim,DE,0.93547
koree,DE,0.91698
Phalo,DE,0.90968
Rsphaer,DE,0.91753
DFL-12,DE,0.95038
Relong,DE,0.96436
plank,DE,0.99561
Pgall,DE,0.98397
DSS-3,DE,0.97733
Och114,DE,0.99287
nitzsch,DE,0.99168
roseo,DE,0.97797
bermu,DE,0.98794
fang,DE,0.60982
CIP,DE,0.27382
T6c,DE,0.1567
DE,DE,0
DE1,DE,0.00379
26499,DE,0.00394
BS11,DE,0.01679
27126,DE,0.01732
HOT1A3,DE,0.01726
woodyi,DE,0.32584
Shewden,DE,0.3403
MR1,DE,0.32777
Parctic,DE,0.36495
psych,DE,0.35769
vnat,DE,0.3299
vcamp,DE,0.33394
azure,DE,0.34621
serr,DE,0.36401
crono,DE,0.36312
25922,DE,0.36381
MRE600,DE,0.36444
bork,DE,0.49435
dies,DE,0.49138
abie,DE,0.50106
salex,DE,0.53153
simid,DE,0.51701
MMB1,DE,0.51995
HP15,DE,0.48318
syn,DE,1.03896
syn,DE,1.09724
pro,DE,1.17696
pro,DE,1.27044
pro,DE,1.27408
T2,DE1,1.15459
Ksed,DE1,1.18853
salin,DE1,1.15243
cstat,DE1,1.28512
eryth,DE1,1.17286
exig,DE1,1.01157
kuro,DE1,0.98963
Rbalt,DE1,1.11045
PR1red,DE1,1.08841
owen,DE1,1.13291
atlcs,DE1,1.18231
fors,DE1,1.18012
Fagar,DE1,1.18759
jeju,DE1,1.18631
kordia,DE1,1.18942
Aalgi,DE1,1.2014
vorax,DE1,1.01423
Sulfuden,DE1,1.10514
Sflavi,DE1,0.86063
bdim,DE1,0.93404
koree,DE1,0.91555
Phalo,DE1,0.90825
Rsphaer,DE1,0.9161
DFL-12,DE1,0.94895
Relong,DE1,0.96293
plank,DE1,0.99418
Pgall,DE1,0.98254
DSS-3,DE1,0.9759
Och114,DE1,0.99144
nitzsch,DE1,0.99025
roseo,DE1,0.97654
bermu,DE1,0.98651
fang,DE1,0.60839
CIP,DE1,0.27239
T6c,DE1,0.15527
DE,DE1,0.00379
DE1,DE1,0
26499,DE1,0.00161
BS11,DE1,0.01536
27126,DE1,0.01589
HOT1A3,DE1,0.01583
woodyi,DE1,0.32441
Shewden,DE1,0.33887
MR1,DE1,0.32634
Parctic,DE1,0.36352
psych,DE1,0.35626
vnat,DE1,0.32847
vcamp,DE1,0.33251
azure,DE1,0.34478
serr,DE1,0.36258
crono,DE1,0.36169
25922,DE1,0.36238
MRE600,DE1,0.36301
bork,DE1,0.49292
dies,DE1,0.48995
abie,DE1,0.49963
salex,DE1,0.5301
simid,DE1,0.51558
MMB1,DE1,0.51852
HP15,DE1,0.48175
syn,DE1,1.03753
syn,DE1,1.09581
pro,DE1,1.17553
pro,DE1,1.26901
pro,DE1,1.27265
T2,26499,1.15474
Ksed,26499,1.18868
salin,26499,1.15258
cstat,26499,1.28527
eryth,26499,1.17301
exig,26499,1.01172
kuro,26499,0.98978
Rbalt,26499,1.1106
PR1red,26499,1.08856
owen,26499,1.13306
atlcs,26499,1.18246
fors,26499,1.18027
Fagar,26499,1.18774
jeju,26499,1.18646
kordia,26499,1.18957
Aalgi,26499,1.20155
vorax,26499,1.01438
Sulfuden,26499,1.10529
Sflavi,26499,0.86078
bdim,26499,0.93419
koree,26499,0.9157
Phalo,26499,0.9084
Rsphaer,26499,0.91625
DFL-12,26499,0.9491
Relong,26499,0.96308
plank,26499,0.99433
Pgall,26499,0.98269
DSS-3,26499,0.97605
Och114,26499,0.99159
nitzsch,26499,0.9904
roseo,26499,0.97669
bermu,26499,0.98666
fang,26499,0.60854
CIP,26499,0.27254
T6c,26499,0.15542
DE,26499,0.00394
DE1,26499,0.00161
26499,26499,0
BS11,26499,0.01551
27126,26499,0.01604
HOT1A3,26499,0.01598
woodyi,26499,0.32456
Shewden,26499,0.33902
MR1,26499,0.32649
Parctic,26499,0.36367
psych,26499,0.35641
vnat,26499,0.32862
vcamp,26499,0.33266
azure,26499,0.34493
serr,26499,0.36273
crono,26499,0.36184
25922,26499,0.36253
MRE600,26499,0.36316
bork,26499,0.49307
dies,26499,0.4901
abie,26499,0.49978
salex,26499,0.53025
simid,26499,0.51573
MMB1,26499,0.51867
HP15,26499,0.4819
syn,26499,1.03768
syn,26499,1.09596
pro,26499,1.17568
pro,26499,1.26916
pro,26499,1.2728
T2,BS11,1.15461
Ksed,BS11,1.18855
salin,BS11,1.15245
cstat,BS11,1.28514
eryth,BS11,1.17288
exig,BS11,1.01159
kuro,BS11,0.98965
Rbalt,BS11,1.11047
PR1red,BS11,1.08843
owen,BS11,1.13293
atlcs,BS11,1.18233
fors,BS11,1.18014
Fagar,BS11,1.18761
jeju,BS11,1.18633
kordia,BS11,1.18944
Aalgi,BS11,1.20142
vorax,BS11,1.01425
Sulfuden,BS11,1.10516
Sflavi,BS11,0.86065
bdim,BS11,0.93406
koree,BS11,0.91557
Phalo,BS11,0.90827
Rsphaer,BS11,0.91612
DFL-12,BS11,0.94897
Relong,BS11,0.96295
plank,BS11,0.9942
Pgall,BS11,0.98256
DSS-3,BS11,0.97592
Och114,BS11,0.99146
nitzsch,BS11,0.99027
roseo,BS11,0.97656
bermu,BS11,0.98653
fang,BS11,0.60841
CIP,BS11,0.27241
T6c,BS11,0.15529
DE,BS11,0.01679
DE1,BS11,0.01536
26499,BS11,0.01551
BS11,BS11,0
27126,BS11,0.00559
HOT1A3,BS11,0.00553
woodyi,BS11,0.32443
Shewden,BS11,0.33889
MR1,BS11,0.32636
Parctic,BS11,0.36354
psych,BS11,0.35628
vnat,BS11,0.32849
vcamp,BS11,0.33253
azure,BS11,0.3448
serr,BS11,0.3626
crono,BS11,0.36171
25922,BS11,0.3624
MRE600,BS11,0.36303
bork,BS11,0.49294
dies,BS11,0.48997
abie,BS11,0.49965
salex,BS11,0.53012
simid,BS11,0.5156
MMB1,BS11,0.51854
HP15,BS11,0.48177
syn,BS11,1.03755
syn,BS11,1.09583
pro,BS11,1.17555
pro,BS11,1.26903
pro,BS11,1.27267
T2,27126,1.15514
Ksed,27126,1.18908
salin,27126,1.15298
cstat,27126,1.28567
eryth,27126,1.17341
exig,27126,1.01212
kuro,27126,0.99018
Rbalt,27126,1.111
PR1red,27126,1.08896
owen,27126,1.13346
atlcs,27126,1.18286
fors,27126,1.18067
Fagar,27126,1.18814
jeju,27126,1.18686
kordia,27126,1.18997
Aalgi,27126,1.20195
vorax,27126,1.01478
Sulfuden,27126,1.10569
Sflavi,27126,0.86118
bdim,27126,0.93459
koree,27126,0.9161
Phalo,27126,0.9088
Rsphaer,27126,0.91665
DFL-12,27126,0.9495
Relong,27126,0.96348
plank,27126,0.99473
Pgall,27126,0.98309
DSS-3,27126,0.97645
Och114,27126,0.99199
nitzsch,27126,0.9908
roseo,27126,0.97709
bermu,27126,0.98706
fang,27126,0.60894
CIP,27126,0.27294
T6c,27126,0.15582
DE,27126,0.01732
DE1,27126,0.01589
26499,27126,0.01604
BS11,27126,0.00559
27126,27126,0
HOT1A3,27126,0.00204
woodyi,27126,0.32496
Shewden,27126,0.33942
MR1,27126,0.32689
Parctic,27126,0.36407
psych,27126,0.35681
vnat,27126,0.32902
vcamp,27126,0.33306
azure,27126,0.34533
serr,27126,0.36313
crono,27126,0.36224
25922,27126,0.36293
MRE600,27126,0.36356
bork,27126,0.49347
dies,27126,0.4905
abie,27126,0.50018
salex,27126,0.53065
simid,27126,0.51613
MMB1,27126,0.51907
HP15,27126,0.4823
syn,27126,1.03808
syn,27126,1.09636
pro,27126,1.17608
pro,27126,1.26956
pro,27126,1.2732
T2,HOT1A3,1.15508
Ksed,HOT1A3,1.18902
salin,HOT1A3,1.15292
cstat,HOT1A3,1.28561
eryth,HOT1A3,1.17335
exig,HOT1A3,1.01206
kuro,HOT1A3,0.99012
Rbalt,HOT1A3,1.11094
PR1red,HOT1A3,1.0889
owen,HOT1A3,1.1334
atlcs,HOT1A3,1.1828
fors,HOT1A3,1.18061
Fagar,HOT1A3,1.18808
jeju,HOT1A3,1.1868
kordia,HOT1A3,1.18991
Aalgi,HOT1A3,1.20189
vorax,HOT1A3,1.01472
Sulfuden,HOT1A3,1.10563
Sflavi,HOT1A3,0.86112
bdim,HOT1A3,0.93453
koree,HOT1A3,0.91604
Phalo,HOT1A3,0.90874
Rsphaer,HOT1A3,0.91659
DFL-12,HOT1A3,0.94944
Relong,HOT1A3,0.96342
plank,HOT1A3,0.99467
Pgall,HOT1A3,0.98303
DSS-3,HOT1A3,0.97639
Och114,HOT1A3,0.99193
nitzsch,HOT1A3,0.99074
roseo,HOT1A3,0.97703
bermu,HOT1A3,0.987
fang,HOT1A3,0.60888
CIP,HOT1A3,0.27288
T6c,HOT1A3,0.15576
DE,HOT1A3,0.01726
DE1,HOT1A3,0.01583
26499,HOT1A3,0.01598
BS11,HOT1A3,0.00553
27126,HOT1A3,0.00204
HOT1A3,HOT1A3,0
woodyi,HOT1A3,0.3249
Shewden,HOT1A3,0.33936
MR1,HOT1A3,0.32683
Parctic,HOT1A3,0.36401
psych,HOT1A3,0.35675
vnat,HOT1A3,0.32896
vcamp,HOT1A3,0.333
azure,HOT1A3,0.34527
serr,HOT1A3,0.36307
crono,HOT1A3,0.36218
25922,HOT1A3,0.36287
MRE600,HOT1A3,0.3635
bork,HOT1A3,0.49341
dies,HOT1A3,0.49044
abie,HOT1A3,0.50012
salex,HOT1A3,0.53059
simid,HOT1A3,0.51607
MMB1,HOT1A3,0.51901
HP15,HOT1A3,0.48224
syn,HOT1A3,1.03802
syn,HOT1A3,1.0963
pro,HOT1A3,1.17602
pro,HOT1A3,1.2695
pro,HOT1A3,1.27314
T2,woodyi,1.16068
Ksed,woodyi,1.19462
salin,woodyi,1.15852
cstat,woodyi,1.29121
eryth,woodyi,1.17895
exig,woodyi,1.01766
kuro,woodyi,0.99572
Rbalt,woodyi,1.11654
PR1red,woodyi,1.0945
owen,woodyi,1.139
atlcs,woodyi,1.1884
fors,woodyi,1.18621
Fagar,woodyi,1.19368
jeju,woodyi,1.1924
kordia,woodyi,1.19551
Aalgi,woodyi,1.20749
vorax,woodyi,1.02032
Sulfuden,woodyi,1.11123
Sflavi,woodyi,0.86672
bdim,woodyi,0.94013
koree,woodyi,0.92164
Phalo,woodyi,0.91434
Rsphaer,woodyi,0.92219
DFL-12,woodyi,0.95504
Relong,woodyi,0.96902
plank,woodyi,1.00027
Pgall,woodyi,0.98863
DSS-3,woodyi,0.98199
Och114,woodyi,0.99753
nitzsch,woodyi,0.99634
roseo,woodyi,0.98263
bermu,woodyi,0.9926
fang,woodyi,0.61448
CIP,woodyi,0.32168
T6c,woodyi,0.32182
DE,woodyi,0.32584
DE1,woodyi,0.32441
26499,woodyi,0.32456
BS11,woodyi,0.32443
27126,woodyi,0.32496
HOT1A3,woodyi,0.3249
woodyi,woodyi,0
Shewden,woodyi,0.11918
MR1,woodyi,0.10665
Parctic,woodyi,0.33011
psych,woodyi,0.32285
vnat,woodyi,0.29506
vcamp,woodyi,0.2991
azure,woodyi,0.31137
serr,woodyi,0.32917
crono,woodyi,0.32828
25922,woodyi,0.32897
MRE600,woodyi,0.3296
bork,woodyi,0.49901
dies,woodyi,0.49604
abie,woodyi,0.50572
salex,woodyi,0.53619
simid,woodyi,0.52167
MMB1,woodyi,0.52461
HP15,woodyi,0.48784
syn,woodyi,1.04362
syn,woodyi,1.1019
pro,woodyi,1.18162
pro,woodyi,1.2751
pro,woodyi,1.27874
T2,Shewden,1.17514
Ksed,Shewden,1.20908
salin,Shewden,1.17298
cstat,Shewden,1.30567
eryth,Shewden,1.19341
exig,Shewden,1.03212
kuro,Shewden,1.01018
Rbalt,Shewden,1.131
PR1red,Shewden,1.10896
owen,Shewden,1.15346
atlcs,Shewden,1.20286
fors,Shewden,1.20067
Fagar,Shewden,1.20814
jeju,Shewden,1.20686
kordia,Shewden,1.20997
Aalgi,Shewden,1.22195
vorax,Shewden,1.03478
Sulfuden,Shewden,1.12569
Sflavi,Shewden,0.88118
bdim,Shewden,0.95459
koree,Shewden,0.9361
Phalo,Shewden,0.9288
Rsphaer,Shewden,0.93665
DFL-12,Shewden,0.9695
Relong,Shewden,0.98348
plank,Shewden,1.01473
Pgall,Shewden,1.00309
DSS-3,Shewden,0.99645
Och114,Shewden,1.01199
nitzsch,Shewden,1.0108
roseo,Shewden,0.99709
bermu,Shewden,1.00706
fang,Shewden,0.62894
CIP,Shewden,0.33614
T6c,Shewden,0.33628
DE,Shewden,0.3403
DE1,Shewden,0.33887
26499,Shewden,0.33902
BS11,Shewden,0.33889
27126,Shewden,0.33942
HOT1A3,Shewden,0.33936
woodyi,Shewden,0.11918
Shewden,Shewden,0
MR1,Shewden,0.08225
Parctic,Shewden,0.34457
psych,Shewden,0.33731
vnat,Shewden,0.30952
vcamp,Shewden,0.31356
azure,Shewden,0.32583
serr,Shewden,0.34363
crono,Shewden,0.34274
25922,Shewden,0.34343
MRE600,Shewden,0.34406
bork,Shewden,0.51347
dies,Shewden,0.5105
abie,Shewden,0.52018
salex,Shewden,0.55065
simid,Shewden,0.53613
MMB1,Shewden,0.53907
HP15,Shewden,0.5023
syn,Shewden,1.05808
syn,Shewden,1.11636
pro,Shewden,1.19608
pro,Shewden,1.28956
pro,Shewden,1.2932
T2,MR1,1.16261
Ksed,MR1,1.19655
salin,MR1,1.16045
cstat,MR1,1.29314
eryth,MR1,1.18088
exig,MR1,1.01959
kuro,MR1,0.99765
Rbalt,MR1,1.11847
PR1red,MR1,1.09643
owen,MR1,1.14093
atlcs,MR1,1.19033
fors,MR1,1.18814
Fagar,MR1,1.19561
jeju,MR1,1.19433
kordia,MR1,1.19744
Aalgi,MR1,1.20942
vorax,MR1,1.02225
Sulfuden,MR1,1.11316
Sflavi,MR1,0.86865
bdim,MR1,0.94206
koree,MR1,0.92357
Phalo,MR1,0.91627
Rsphaer,MR1,0.92412
DFL-12,MR1,0.95697
Relong,MR1,0.97095
plank,MR1,1.0022
Pgall,MR1,0.99056
DSS-3,MR1,0.98392
Och114,MR1,0.99946
nitzsch,MR1,0.99827
roseo,MR1,0.98456
bermu,MR1,0.99453
fang,MR1,0.61641
CIP,MR1,0.32361
T6c,MR1,0.32375
DE,MR1,0.32777
DE1,MR1,0.32634
26499,MR1,0.32649
BS11,MR1,0.32636
27126,MR1,0.32689
HOT1A3,MR1,0.32683
woodyi,MR1,0.10665
Shewden,MR1,0.08225
MR1,MR1,0
Parctic,MR1,0.33204
psych,MR1,0.32478
vnat,MR1,0.29699
vcamp,MR1,0.30103
azure,MR1,0.3133
serr,MR1,0.3311
crono,MR1,0.33021
25922,MR1,0.3309
MRE600,MR1,0.33153
bork,MR1,0.50094
dies,MR1,0.49797
abie,MR1,0.50765
salex,MR1,0.53812
simid,MR1,0.5236
MMB1,MR1,0.52654
HP15,MR1,0.48977
syn,MR1,1.04555
syn,MR1,1.10383
pro,MR1,1.18355
pro,MR1,1.27703
pro,MR1,1.28067
T2,Parctic,1.19979
Ksed,Parctic,1.23373
salin,Parctic,1.19763
cstat,Parctic,1.33032
eryth,Parctic,1.21806
exig,Parctic,1.05677
kuro,Parctic,1.03483
Rbalt,Parctic,1.15565
PR1red,Parctic,1.13361
owen,Parctic,1.17811
atlcs,Parctic,1.22751
fors,Parctic,1.22532
Fagar,Parctic,1.23279
jeju,Parctic,1.23151
kordia,Parctic,1.23462
Aalgi,Parctic,1.2466
vorax,Parctic,1.05943
Sulfuden,Parctic,1.15034
Sflavi,Parctic,0.90583
bdim,Parctic,0.97924
koree,Parctic,0.96075
Phalo,Parctic,0.95345
Rsphaer,Parctic,0.9613
DFL-12,Parctic,0.99415
Relong,Parctic,1.00813
plank,Parctic,1.03938
Pgall,Parctic,1.02774
DSS-3,Parctic,1.0211
Och114,Parctic,1.03664
nitzsch,Parctic,1.03545
roseo,Parctic,1.02174
bermu,Parctic,1.03171
fang,Parctic,0.65359
CIP,Parctic,0.36079
T6c,Parctic,0.36093
DE,Parctic,0.36495
DE1,Parctic,0.36352
26499,Parctic,0.36367
BS11,Parctic,0.36354
27126,Parctic,0.36407
HOT1A3,Parctic,0.36401
woodyi,Parctic,0.33011
Shewden,Parctic,0.34457
MR1,Parctic,0.33204
Parctic,Parctic,0
psych,Parctic,0.08534
vnat,Parctic,0.30301
vcamp,Parctic,0.30705
azure,Parctic,0.31932
serr,Parctic,0.33712
crono,Parctic,0.33623
25922,Parctic,0.33692
MRE600,Parctic,0.33755
bork,Parctic,0.53812
dies,Parctic,0.53515
abie,Parctic,0.54483
salex,Parctic,0.5753
simid,Parctic,0.56078
MMB1,Parctic,0.56372
HP15,Parctic,0.52695
syn,Parctic,1.08273
syn,Parctic,1.14101
pro,Parctic,1.22073
pro,Parctic,1.31421
pro,Parctic,1.31785
T2,psych,1.19253
Ksed,psych,1.22647
salin,psych,1.19037
cstat,psych,1.32306
eryth,psych,1.2108
exig,psych,1.04951
kuro,psych,1.02757
Rbalt,psych,1.14839
PR1red,psych,1.12635
owen,psych,1.17085
atlcs,psych,1.22025
fors,psych,1.21806
Fagar,psych,1.22553
jeju,psych,1.22425
kordia,psych,1.22736
Aalgi,psych,1.23934
vorax,psych,1.05217
Sulfuden,psych,1.14308
Sflavi,psych,0.89857
bdim,psych,0.97198
koree,psych,0.95349
Phalo,psych,0.94619
Rsphaer,psych,0.95404
DFL-12,psych,0.98689
Relong,psych,1.00087
plank,psych,1.03212
Pgall,psych,1.02048
DSS-3,psych,1.01384
Och114,psych,1.02938
nitzsch,psych,1.02819
roseo,psych,1.01448
bermu,psych,1.02445
fang,psych,0.64633
CIP,psych,0.35353
T6c,psych,0.35367
DE,psych,0.35769
DE1,psych,0.35626
26499,psych,0.35641
BS11,psych,0.35628
27126,psych,0.35681
HOT1A3,psych,0.35675
woodyi,psych,0.32285
Shewden,psych,0.33731
MR1,psych,0.32478
Parctic,psych,0.08534
psych,psych,0
vnat,psych,0.29575
vcamp,psych,0.29979
azure,psych,0.31206
serr,psych,0.32986
crono,psych,0.32897
25922,psych,0.32966
MRE600,psych,0.33029
bork,psych,0.53086
dies,psych,0.52789
abie,psych,0.53757
salex,psych,0.56804
simid,psych,0.55352
MMB1,psych,0.55646
HP15,psych,0.51969
syn,psych,1.07547
syn,psych,1.13375
pro,psych,1.21347
pro,psych,1.30695
pro,psych,1.31059
T2,vnat,1.16474
Ksed,vnat,1.19868
salin,vnat,1.16258
cstat,vnat,1.29527
eryth,vnat,1.18301
exig,vnat,1.02172
kuro,vnat,0.99978
Rbalt,vnat,1.1206
PR1red,vnat,1.09856
owen,vnat,1.14306
atlcs,vnat,1.19246
fors,vnat,1.19027
Fagar,vnat,1.19774
jeju,vnat,1.19646
kordia,vnat,1.19957
Aalgi,vnat,1.21155
vorax,vnat,1.02438
Sulfuden,vnat,1.11529
Sflavi,vnat,0.87078
bdim,vnat,0.94419
koree,vnat,0.9257
Phalo,vnat,0.9184
Rsphaer,vnat,0.92625
DFL-12,vnat,0.9591
Relong,vnat,0.97308
plank,vnat,1.00433
Pgall,vnat,0.99269
DSS-3,vnat,0.98605
Och114,vnat,1.00159
nitzsch,vnat,1.0004
roseo,vnat,0.98669
bermu,vnat,0.99666
fang,vnat,0.61854
CIP,vnat,0.32574
T6c,vnat,0.32588
DE,vnat,0.3299
DE1,vnat,0.32847
26499,vnat,0.32862
BS11,vnat,0.32849
27126,vnat,0.32902
HOT1A3,vnat,0.32896
woodyi,vnat,0.29506
Shewden,vnat,0.30952
MR1,vnat,0.29699
Parctic,vnat,0.30301
psych,vnat,0.29575
vnat,vnat,0
vcamp,vnat,0.02484
azure,vnat,0.03711
serr,vnat,0.23937
crono,vnat,0.23848
25922,vnat,0.23917
MRE600,vnat,0.2398
bork,vnat,0.50307
dies,vnat,0.5001
abie,vnat,0.50978
salex,vnat,0.54025
simid,vnat,0.52573
MMB1,vnat,0.52867
HP15,vnat,0.4919
syn,vnat,1.04768
syn,vnat,1.10596
pro,vnat,1.18568
pro,vnat,1.27916
pro,vnat,1.2828
T2,vcamp,1.16878
Ksed,vcamp,1.20272
salin,vcamp,1.16662
cstat,vcamp,1.29931
eryth,vcamp,1.18705
exig,vcamp,1.02576
kuro,vcamp,1.00382
Rbalt,vcamp,1.12464
PR1red,vcamp,1.1026
owen,vcamp,1.1471
atlcs,vcamp,1.1965
fors,vcamp,1.19431
Fagar,vcamp,1.20178
jeju,vcamp,1.2005
kordia,vcamp,1.20361
Aalgi,vcamp,1.21559
vorax,vcamp,1.02842
Sulfuden,vcamp,1.11933
Sflavi,vcamp,0.87482
bdim,vcamp,0.94823
koree,vcamp,0.92974
Phalo,vcamp,0.92244
Rsphaer,vcamp,0.93029
DFL-12,vcamp,0.96314
Relong,vcamp,0.97712
plank,vcamp,1.00837
Pgall,vcamp,0.99673
DSS-3,vcamp,0.99009
Och114,vcamp,1.00563
nitzsch,vcamp,1.00444
roseo,vcamp,0.99073
bermu,vcamp,1.0007
fang,vcamp,0.62258
CIP,vcamp,0.32978
T6c,vcamp,0.32992
DE,vcamp,0.33394
DE1,vcamp,0.33251
26499,vcamp,0.33266
BS11,vcamp,0.33253
27126,vcamp,0.33306
HOT1A3,vcamp,0.333
woodyi,vcamp,0.2991
Shewden,vcamp,0.31356
MR1,vcamp,0.30103
Parctic,vcamp,0.30705
psych,vcamp,0.29979
vnat,vcamp,0.02484
vcamp,vcamp,0
azure,vcamp,0.02703
serr,vcamp,0.24341
crono,vcamp,0.24252
25922,vcamp,0.24321
MRE600,vcamp,0.24384
bork,vcamp,0.50711
dies,vcamp,0.50414
abie,vcamp,0.51382
salex,vcamp,0.54429
simid,vcamp,0.52977
MMB1,vcamp,0.53271
HP15,vcamp,0.49594
syn,vcamp,1.05172
syn,vcamp,1.11
pro,vcamp,1.18972
pro,vcamp,1.2832
pro,vcamp,1.28684
T2,azure,1.18105
Ksed,azure,1.21499
salin,azure,1.17889
cstat,azure,1.31158
eryth,azure,1.19932
exig,azure,1.03803
kuro,azure,1.01609
Rbalt,azure,1.13691
PR1red,azure,1.11487
owen,azure,1.15937
atlcs,azure,1.20877
fors,azure,1.20658
Fagar,azure,1.21405
jeju,azure,1.21277
kordia,azure,1.21588
Aalgi,azure,1.22786
vorax,azure,1.04069
Sulfuden,azure,1.1316
Sflavi,azure,0.88709
bdim,azure,0.9605
koree,azure,0.94201
Phalo,azure,0.93471
Rsphaer,azure,0.94256
DFL-12,azure,0.97541
Relong,azure,0.98939
plank,azure,1.02064
Pgall,azure,1.009
DSS-3,azure,1.00236
Och114,azure,1.0179
nitzsch,azure,1.01671
roseo,azure,1.003
bermu,azure,1.01297
fang,azure,0.63485
CIP,azure,0.34205
T6c,azure,0.34219
DE,azure,0.34621
DE1,azure,0.34478
26499,azure,0.34493
BS11,azure,0.3448
27126,azure,0.34533
HOT1A3,azure,0.34527
woodyi,azure,0.31137
Shewden,azure,0.32583
MR1,azure,0.3133
Parctic,azure,0.31932
psych,azure,0.31206
vnat,azure,0.03711
vcamp,azure,0.02703
azure,azure,0
serr,azure,0.25568
crono,azure,0.25479
25922,azure,0.25548
MRE600,azure,0.25611
bork,azure,0.51938
dies,azure,0.51641
abie,azure,0.52609
salex,azure,0.55656
simid,azure,0.54204
MMB1,azure,0.54498
HP15,azure,0.50821
syn,azure,1.06399
syn,azure,1.12227
pro,azure,1.20199
pro,azure,1.29547
pro,azure,1.29911
T2,serr,1.19885
Ksed,serr,1.23279
salin,serr,1.19669
cstat,serr,1.32938
eryth,serr,1.21712
exig,serr,1.05583
kuro,serr,1.03389
Rbalt,serr,1.15471
PR1red,serr,1.13267
owen,serr,1.17717
atlcs,serr,1.22657
fors,serr,1.22438
Fagar,serr,1.23185
jeju,serr,1.23057
kordia,serr,1.23368
Aalgi,serr,1.24566
vorax,serr,1.05849
Sulfuden,serr,1.1494
Sflavi,serr,0.90489
bdim,serr,0.9783
koree,serr,0.95981
Phalo,serr,0.95251
Rsphaer,serr,0.96036
DFL-12,serr,0.99321
Relong,serr,1.00719
plank,serr,1.03844
Pgall,serr,1.0268
DSS-3,serr,1.02016
Och114,serr,1.0357
nitzsch,serr,1.03451
roseo,serr,1.0208
bermu,serr,1.03077
fang,serr,0.65265
CIP,serr,0.35985
T6c,serr,0.35999
DE,serr,0.36401
DE1,serr,0.36258
26499,serr,0.36273
BS11,serr,0.3626
27126,serr,0.36313
HOT1A3,serr,0.36307
woodyi,serr,0.32917
Shewden,serr,0.34363
MR1,serr,0.3311
Parctic,serr,0.33712
psych,serr,0.32986
vnat,serr,0.23937
vcamp,serr,0.24341
azure,serr,0.25568
serr,serr,0
crono,serr,0.10169
25922,serr,0.10238
MRE600,serr,0.10301
bork,serr,0.53718
dies,serr,0.53421
abie,serr,0.54389
salex,serr,0.57436
simid,serr,0.55984
MMB1,serr,0.56278
HP15,serr,0.52601
syn,serr,1.08179
syn,serr,1.14007
pro,serr,1.21979
pro,serr,1.31327
pro,serr,1.31691
T2,crono,1.19796
Ksed,crono,1.2319
salin,crono,1.1958
cstat,crono,1.32849
eryth,crono,1.21623
exig,crono,1.05494
kuro,crono,1.033
Rbalt,crono,1.15382
PR1red,crono,1.13178
owen,crono,1.17628
atlcs,crono,1.22568
fors,crono,1.22349
Fagar,crono,1.23096
jeju,crono,1.22968
kordia,crono,1.23279
Aalgi,crono,1.24477
vorax,crono,1.0576
Sulfuden,crono,1.14851
Sflavi,crono,0.904
bdim,crono,0.97741
koree,crono,0.95892
Phalo,crono,0.95162
Rsphaer,crono,0.95947
DFL-12,crono,0.99232
Relong,crono,1.0063
plank,crono,1.03755
Pgall,crono,1.02591
DSS-3,crono,1.01927
Och114,crono,1.03481
nitzsch,crono,1.03362
roseo,crono,1.01991
bermu,crono,1.02988
fang,crono,0.65176
CIP,crono,0.35896
T6c,crono,0.3591
DE,crono,0.36312
DE1,crono,0.36169
26499,crono,0.36184
BS11,crono,0.36171
27126,crono,0.36224
HOT1A3,crono,0.36218
woodyi,crono,0.32828
Shewden,crono,0.34274
MR1,crono,0.33021
Parctic,crono,0.33623
psych,crono,0.32897
vnat,crono,0.23848
vcamp,crono,0.24252
azure,crono,0.25479
serr,crono,0.10169
crono,crono,0
25922,crono,0.04385
MRE600,crono,0.04448
bork,crono,0.53629
dies,crono,0.53332
abie,crono,0.543
salex,crono,0.57347
simid,crono,0.55895
MMB1,crono,0.56189
HP15,crono,0.52512
syn,crono,1.0809
syn,crono,1.13918
pro,crono,1.2189
pro,crono,1.31238
pro,crono,1.31602
T2,25922,1.19865
Ksed,25922,1.23259
salin,25922,1.19649
cstat,25922,1.32918
eryth,25922,1.21692
exig,25922,1.05563
kuro,25922,1.03369
Rbalt,25922,1.15451
PR1red,25922,1.13247
owen,25922,1.17697
atlcs,25922,1.22637
fors,25922,1.22418
Fagar,25922,1.23165
jeju,25922,1.23037
kordia,25922,1.23348
Aalgi,25922,1.24546
vorax,25922,1.05829
Sulfuden,25922,1.1492
Sflavi,25922,0.90469
bdim,25922,0.9781
koree,25922,0.95961
Phalo,25922,0.95231
Rsphaer,25922,0.96016
DFL-12,25922,0.99301
Relong,25922,1.00699
plank,25922,1.03824
Pgall,25922,1.0266
DSS-3,25922,1.01996
Och114,25922,1.0355
nitzsch,25922,1.03431
roseo,25922,1.0206
bermu,25922,1.03057
fang,25922,0.65245
CIP,25922,0.35965
T6c,25922,0.35979
DE,25922,0.36381
DE1,25922,0.36238
26499,25922,0.36253
BS11,25922,0.3624
27126,25922,0.36293
HOT1A3,25922,0.36287
woodyi,25922,0.32897
Shewden,25922,0.34343
MR1,25922,0.3309
Parctic,25922,0.33692
psych,25922,0.32966
vnat,25922,0.23917
vcamp,25922,0.24321
azure,25922,0.25548
serr,25922,0.10238
crono,25922,0.04385
25922,25922,0
MRE600,25922,0.00219
bork,25922,0.53698
dies,25922,0.53401
abie,25922,0.54369
salex,25922,0.57416
simid,25922,0.55964
MMB1,25922,0.56258
HP15,25922,0.52581
syn,25922,1.08159
syn,25922,1.13987
pro,25922,1.21959
pro,25922,1.31307
pro,25922,1.31671
T2,MRE600,1.19928
Ksed,MRE600,1.23322
salin,MRE600,1.19712
cstat,MRE600,1.32981
eryth,MRE600,1.21755
exig,MRE600,1.05626
kuro,MRE600,1.03432
Rbalt,MRE600,1.15514
PR1red,MRE600,1.1331
owen,MRE600,1.1776
atlcs,MRE600,1.227
fors,MRE600,1.22481
Fagar,MRE600,1.23228
jeju,MRE600,1.231
kordia,MRE600,1.23411
Aalgi,MRE600,1.24609
vorax,MRE600,1.05892
Sulfuden,MRE600,1.14983
Sflavi,MRE600,0.90532
bdim,MRE600,0.97873
koree,MRE600,0.96024
Phalo,MRE600,0.95294
Rsphaer,MRE600,0.96079
DFL-12,MRE600,0.99364
Relong,MRE600,1.00762
plank,MRE600,1.03887
Pgall,MRE600,1.02723
DSS-3,MRE600,1.02059
Och114,MRE600,1.03613
nitzsch,MRE600,1.03494
roseo,MRE600,1.02123
bermu,MRE600,1.0312
fang,MRE600,0.65308
CIP,MRE600,0.36028
T6c,MRE600,0.36042
DE,MRE600,0.36444
DE1,MRE600,0.36301
26499,MRE600,0.36316
BS11,MRE600,0.36303
27126,MRE600,0.36356
HOT1A3,MRE600,0.3635
woodyi,MRE600,0.3296
Shewden,MRE600,0.34406
MR1,MRE600,0.33153
Parctic,MRE600,0.33755
psych,MRE600,0.33029
vnat,MRE600,0.2398
vcamp,MRE600,0.24384
azure,MRE600,0.25611
serr,MRE600,0.10301
crono,MRE600,0.04448
25922,MRE600,0.00219
MRE600,MRE600,0
bork,MRE600,0.53761
dies,MRE600,0.53464
abie,MRE600,0.54432
salex,MRE600,0.57479
simid,MRE600,0.56027
MMB1,MRE600,0.56321
HP15,MRE600,0.52644
syn,MRE600,1.08222
syn,MRE600,1.1405
pro,MRE600,1.22022
pro,MRE600,1.3137
pro,MRE600,1.31734
T2,bork,1.15075
Ksed,bork,1.18469
salin,bork,1.14859
cstat,bork,1.28128
eryth,bork,1.16902
exig,bork,1.00773
kuro,bork,0.98579
Rbalt,bork,1.10661
PR1red,bork,1.08457
owen,bork,1.12907
atlcs,bork,1.17847
fors,bork,1.17628
Fagar,bork,1.18375
jeju,bork,1.18247
kordia,bork,1.18558
Aalgi,bork,1.19756
vorax,bork,1.01039
Sulfuden,bork,1.1013
Sflavi,bork,0.85679
bdim,bork,0.9302
koree,bork,0.91171
Phalo,bork,0.90441
Rsphaer,bork,0.91226
DFL-12,bork,0.94511
Relong,bork,0.95909
plank,bork,0.99034
Pgall,bork,0.9787
DSS-3,bork,0.97206
Och114,bork,0.9876
nitzsch,bork,0.98641
roseo,bork,0.9727
bermu,bork,0.98267
fang,bork,0.60455
CIP,bork,0.49019
T6c,bork,0.49033
DE,bork,0.49435
DE1,bork,0.49292
26499,bork,0.49307
BS11,bork,0.49294
27126,bork,0.49347
HOT1A3,bork,0.49341
woodyi,bork,0.49901
Shewden,bork,0.51347
MR1,bork,0.50094
Parctic,bork,0.53812
psych,bork,0.53086
vnat,bork,0.50307
vcamp,bork,0.50711
azure,bork,0.51938
serr,bork,0.53718
crono,bork,0.53629
25922,bork,0.53698
MRE600,bork,0.53761
bork,bork,0
dies,bork,0.12017
abie,bork,0.39601
salex,bork,0.42648
simid,bork,0.41196
MMB1,bork,0.4149
HP15,bork,0.37813
syn,bork,1.03369
syn,bork,1.09197
pro,bork,1.17169
pro,bork,1.26517
pro,bork,1.26881
T2,dies,1.14778
Ksed,dies,1.18172
salin,dies,1.14562
cstat,dies,1.27831
eryth,dies,1.16605
exig,dies,1.00476
kuro,dies,0.98282
Rbalt,dies,1.10364
PR1red,dies,1.0816
owen,dies,1.1261
atlcs,dies,1.1755
fors,dies,1.17331
Fagar,dies,1.18078
jeju,dies,1.1795
kordia,dies,1.18261
Aalgi,dies,1.19459
vorax,dies,1.00742
Sulfuden,dies,1.09833
Sflavi,dies,0.85382
bdim,dies,0.92723
koree,dies,0.90874
Phalo,dies,0.90144
Rsphaer,dies,0.90929
DFL-12,dies,0.94214
Relong,dies,0.95612
plank,dies,0.98737
Pgall,dies,0.97573
DSS-3,dies,0.96909
Och114,dies,0.98463
nitzsch,dies,0.98344
roseo,dies,0.96973
bermu,dies,0.9797
fang,dies,0.60158
CIP,dies,0.48722
T6c,dies,0.48736
DE,dies,0.49138
DE1,dies,0.48995
26499,dies,0.4901
BS11,dies,0.48997
27126,dies,0.4905
HOT1A3,dies,0.49044
woodyi,dies,0.49604
Shewden,dies,0.5105
MR1,dies,0.49797
Parctic,dies,0.53515
psych,dies,0.52789
vnat,dies,0.5001
vcamp,dies,0.50414
azure,dies,0.51641
serr,dies,0.53421
crono,dies,0.53332
25922,dies,0.53401
MRE600,dies,0.53464
bork,dies,0.12017
dies,dies,0
abie,dies,0.39304
salex,dies,0.42351
simid,dies,0.40899
MMB1,dies,0.41193
HP15,dies,0.37516
syn,dies,1.03072
syn,dies,1.089
pro,dies,1.16872
pro,dies,1.2622
pro,dies,1.26584
T2,abie,1.15746
Ksed,abie,1.1914
salin,abie,1.1553
cstat,abie,1.28799
eryth,abie,1.17573
exig,abie,1.01444
kuro,abie,0.9925
Rbalt,abie,1.11332
PR1red,abie,1.09128
owen,abie,1.13578
atlcs,abie,1.18518
fors,abie,1.18299
Fagar,abie,1.19046
jeju,abie,1.18918
kordia,abie,1.19229
Aalgi,abie,1.20427
vorax,abie,1.0171
Sulfuden,abie,1.10801
Sflavi,abie,0.8635
bdim,abie,0.93691
koree,abie,0.91842
Phalo,abie,0.91112
Rsphaer,abie,0.91897
DFL-12,abie,0.95182
Relong,abie,0.9658
plank,abie,0.99705
Pgall,abie,0.98541
DSS-3,abie,0.97877
Och114,abie,0.99431
nitzsch,abie,0.99312
roseo,abie,0.97941
bermu,abie,0.98938
fang,abie,0.61126
CIP,abie,0.4969
T6c,abie,0.49704
DE,abie,0.50106
DE1,abie,0.49963
26499,abie,0.49978
BS11,abie,0.49965
27126,abie,0.50018
HOT1A3,abie,0.50012
woodyi,abie,0.50572
Shewden,abie,0.52018
MR1,abie,0.50765
Parctic,abie,0.54483
psych,abie,0.53757
vnat,abie,0.50978
vcamp,abie,0.51382
azure,abie,0.52609
serr,abie,0.54389
crono,abie,0.543
25922,abie,0.54369
MRE600,abie,0.54432
bork,abie,0.39601
dies,abie,0.39304
abie,abie,0
salex,abie,0.34883
simid,abie,0.33431
MMB1,abie,0.37685
HP15,abie,0.34008
syn,abie,1.0404
syn,abie,1.09868
pro,abie,1.1784
pro,abie,1.27188
pro,abie,1.27552
T2,salex,1.18793
Ksed,salex,1.22187
salin,salex,1.18577
cstat,salex,1.31846
eryth,salex,1.2062
exig,salex,1.04491
kuro,salex,1.02297
Rbalt,salex,1.14379
PR1red,salex,1.12175
owen,salex,1.16625
atlcs,salex,1.21565
fors,salex,1.21346
Fagar,salex,1.22093
jeju,salex,1.21965
kordia,salex,1.22276
Aalgi,salex,1.23474
vorax,salex,1.04757
Sulfuden,salex,1.13848
Sflavi,salex,0.89397
bdim,salex,0.96738
koree,salex,0.94889
Phalo,salex,0.94159
Rsphaer,salex,0.94944
DFL-12,salex,0.98229
Relong,salex,0.99627
plank,salex,1.02752
Pgall,salex,1.01588
DSS-3,salex,1.00924
Och114,salex,1.02478
nitzsch,salex,1.02359
roseo,salex,1.00988
bermu,salex,1.01985
fang,salex,0.64173
CIP,salex,0.52737
T6c,salex,0.52751
DE,salex,0.53153
DE1,salex,0.5301
26499,salex,0.53025
BS11,salex,0.53012
27126,salex,0.53065
HOT1A3,salex,0.53059
woodyi,salex,0.53619
Shewden,salex,0.55065
MR1,salex,0.53812
Parctic,salex,0.5753
psych,salex,0.56804
vnat,salex,0.54025
vcamp,salex,0.54429
azure,salex,0.55656
serr,salex,0.57436
crono,salex,0.57347
25922,salex,0.57416
MRE600,salex,0.57479
bork,salex,0.42648
dies,salex,0.42351
abie,salex,0.34883
salex,salex,0
simid,salex,0.27846
MMB1,salex,0.40732
HP15,salex,0.37055
syn,salex,1.07087
syn,salex,1.12915
pro,salex,1.20887
pro,salex,1.30235
pro,salex,1.30599
T2,simid,1.17341
Ksed,simid,1.20735
salin,simid,1.17125
cstat,simid,1.30394
eryth,simid,1.19168
exig,simid,1.03039
kuro,simid,1.00845
Rbalt,simid,1.12927
PR1red,simid,1.10723
owen,simid,1.15173
atlcs,simid,1.20113
fors,simid,1.19894
Fagar,simid,1.20641
jeju,simid,1.20513
kordia,simid,1.20824
Aalgi,simid,1.22022
vorax,simid,1.03305
Sulfuden,simid,1.12396
Sflavi,simid,0.87945
bdim,simid,0.95286
koree,simid,0.93437
Phalo,simid,0.92707
Rsphaer,simid,0.93492
DFL-12,simid,0.96777
Relong,simid,0.98175
plank,simid,1.013
Pgall,simid,1.00136
DSS-3,simid,0.99472
Och114,simid,1.01026
nitzsch,simid,1.00907
roseo,simid,0.99536
bermu,simid,1.00533
fang,simid,0.62721
CIP,simid,0.51285
T6c,simid,0.51299
DE,simid,0.51701
DE1,simid,0.51558
26499,simid,0.51573
BS11,simid,0.5156
27126,simid,0.51613
HOT1A3,simid,0.51607
woodyi,simid,0.52167
Shewden,simid,0.53613
MR1,simid,0.5236
Parctic,simid,0.56078
psych,simid,0.55352
vnat,simid,0.52573
vcamp,simid,0.52977
azure,simid,0.54204
serr,simid,0.55984
crono,simid,0.55895
25922,simid,0.55964
MRE600,simid,0.56027
bork,simid,0.41196
dies,simid,0.40899
abie,simid,0.33431
salex,simid,0.27846
simid,simid,0
MMB1,simid,0.3928
HP15,simid,0.35603
syn,simid,1.05635
syn,simid,1.11463
pro,simid,1.19435
pro,simid,1.28783
pro,simid,1.29147
T2,MMB1,1.17635
Ksed,MMB1,1.21029
salin,MMB1,1.17419
cstat,MMB1,1.30688
eryth,MMB1,1.19462
exig,MMB1,1.03333
kuro,MMB1,1.01139
Rbalt,MMB1,1.13221
PR1red,MMB1,1.11017
owen,MMB1,1.15467
atlcs,MMB1,1.20407
fors,MMB1,1.20188
Fagar,MMB1,1.20935
jeju,MMB1,1.20807
kordia,MMB1,1.21118
Aalgi,MMB1,1.22316
vorax,MMB1,1.03599
Sulfuden,MMB1,1.1269
Sflavi,MMB1,0.88239
bdim,MMB1,0.9558
koree,MMB1,0.93731
Phalo,MMB1,0.93001
Rsphaer,MMB1,0.93786
DFL-12,MMB1,0.97071
Relong,MMB1,0.98469
plank,MMB1,1.01594
Pgall,MMB1,1.0043
DSS-3,MMB1,0.99766
Och114,MMB1,1.0132
nitzsch,MMB1,1.01201
roseo,MMB1,0.9983
bermu,MMB1,1.00827
fang,MMB1,0.63015
CIP,MMB1,0.51579
T6c,MMB1,0.51593
DE,MMB1,0.51995
DE1,MMB1,0.51852
26499,MMB1,0.51867
BS11,MMB1,0.51854
27126,MMB1,0.51907
HOT1A3,MMB1,0.51901
woodyi,MMB1,0.52461
Shewden,MMB1,0.53907
MR1,MMB1,0.52654
Parctic,MMB1,0.56372
psych,MMB1,0.55646
vnat,MMB1,0.52867
vcamp,MMB1,0.53271
azure,MMB1,0.54498
serr,MMB1,0.56278
crono,MMB1,0.56189
25922,MMB1,0.56258
MRE600,MMB1,0.56321
bork,MMB1,0.4149
dies,MMB1,0.41193
abie,MMB1,0.37685
salex,MMB1,0.40732
simid,MMB1,0.3928
MMB1,MMB1,0
HP15,MMB1,0.30743
syn,MMB1,1.05929
syn,MMB1,1.11757
pro,MMB1,1.19729
pro,MMB1,1.29077
pro,MMB1,1.29441
T2,HP15,1.13958
Ksed,HP15,1.17352
salin,HP15,1.13742
cstat,HP15,1.27011
eryth,HP15,1.15785
exig,HP15,0.99656
kuro,HP15,0.97462
Rbalt,HP15,1.09544
PR1red,HP15,1.0734
owen,HP15,1.1179
atlcs,HP15,1.1673
fors,HP15,1.16511
Fagar,HP15,1.17258
jeju,HP15,1.1713
kordia,HP15,1.17441
Aalgi,HP15,1.18639
vorax,HP15,0.99922
Sulfuden,HP15,1.09013
Sflavi,HP15,0.84562
bdim,HP15,0.91903
koree,HP15,0.90054
Phalo,HP15,0.89324
Rsphaer,HP15,0.90109
DFL-12,HP15,0.93394
Relong,HP15,0.94792
plank,HP15,0.97917
Pgall,HP15,0.96753
DSS-3,HP15,0.96089
Och114,HP15,0.97643
nitzsch,HP15,0.97524
roseo,HP15,0.96153
bermu,HP15,0.9715
fang,HP15,0.59338
CIP,HP15,0.47902
T6c,HP15,0.47916
DE,HP15,0.48318
DE1,HP15,0.48175
26499,HP15,0.4819
BS11,HP15,0.48177
27126,HP15,0.4823
HOT1A3,HP15,0.48224
woodyi,HP15,0.48784
Shewden,HP15,0.5023
MR1,HP15,0.48977
Parctic,HP15,0.52695
psych,HP15,0.51969
vnat,HP15,0.4919
vcamp,HP15,0.49594
azure,HP15,0.50821
serr,HP15,0.52601
crono,HP15,0.52512
25922,HP15,0.52581
MRE600,HP15,0.52644
bork,HP15,0.37813
dies,HP15,0.37516
abie,HP15,0.34008
salex,HP15,0.37055
simid,HP15,0.35603
MMB1,HP15,0.30743
HP15,HP15,0
syn,HP15,1.02252
syn,HP15,1.0808
pro,HP15,1.16052
pro,HP15,1.254
pro,HP15,1.25764
T2,syn,0.93612
Ksed,syn,0.97006
salin,syn,0.93396
cstat,syn,1.06665
eryth,syn,0.95439
exig,syn,0.8675
kuro,syn,0.84556
Rbalt,syn,1.065
PR1red,syn,1.04296
owen,syn,1.08746
atlcs,syn,1.13686
fors,syn,1.13467
Fagar,syn,1.14214
jeju,syn,1.14086
kordia,syn,1.14397
Aalgi,syn,1.15595
vorax,syn,1.05126
Sulfuden,syn,1.14217
Sflavi,syn,1.03128
bdim,syn,1.10469
koree,syn,1.0862
Phalo,syn,1.0789
Rsphaer,syn,1.08675
DFL-12,syn,1.1196
Relong,syn,1.13358
plank,syn,1.16483
Pgall,syn,1.15319
DSS-3,syn,1.14655
Och114,syn,1.16209
nitzsch,syn,1.1609
roseo,syn,1.14719
bermu,syn,1.15716
fang,syn,1.0435
CIP,syn,1.0348
T6c,syn,1.03494
DE,syn,1.03896
DE1,syn,1.03753
26499,syn,1.03768
BS11,syn,1.03755
27126,syn,1.03808
HOT1A3,syn,1.03802
woodyi,syn,1.04362
Shewden,syn,1.05808
MR1,syn,1.04555
Parctic,syn,1.08273
psych,syn,1.07547
vnat,syn,1.04768
vcamp,syn,1.05172
azure,syn,1.06399
serr,syn,1.08179
crono,syn,1.0809
25922,syn,1.08159
MRE600,syn,1.08222
bork,syn,1.03369
dies,syn,1.03072
abie,syn,1.0404
salex,syn,1.07087
simid,syn,1.05635
MMB1,syn,1.05929
HP15,syn,1.02252
syn,syn,0
syn,syn,0.42044
pro,syn,0.50016
pro,syn,0.59364
pro,syn,0.59728
T2,syn,0.9944
Ksed,syn,1.02834
salin,syn,0.99224
cstat,syn,1.12493
eryth,syn,1.01267
exig,syn,0.92578
kuro,syn,0.90384
Rbalt,syn,1.12328
PR1red,syn,1.10124
owen,syn,1.14574
atlcs,syn,1.19514
fors,syn,1.19295
Fagar,syn,1.20042
jeju,syn,1.19914
kordia,syn,1.20225
Aalgi,syn,1.21423
vorax,syn,1.10954
Sulfuden,syn,1.20045
Sflavi,syn,1.08956
bdim,syn,1.16297
koree,syn,1.14448
Phalo,syn,1.13718
Rsphaer,syn,1.14503
DFL-12,syn,1.17788
Relong,syn,1.19186
plank,syn,1.22311
Pgall,syn,1.21147
DSS-3,syn,1.20483
Och114,syn,1.22037
nitzsch,syn,1.21918
roseo,syn,1.20547
bermu,syn,1.21544
fang,syn,1.10178
CIP,syn,1.09308
T6c,syn,1.09322
DE,syn,1.09724
DE1,syn,1.09581
26499,syn,1.09596
BS11,syn,1.09583
27126,syn,1.09636
HOT1A3,syn,1.0963
woodyi,syn,1.1019
Shewden,syn,1.11636
MR1,syn,1.10383
Parctic,syn,1.14101
psych,syn,1.13375
vnat,syn,1.10596
vcamp,syn,1.11
azure,syn,1.12227
serr,syn,1.14007
crono,syn,1.13918
25922,syn,1.13987
MRE600,syn,1.1405
bork,syn,1.09197
dies,syn,1.089
abie,syn,1.09868
salex,syn,1.12915
simid,syn,1.11463
MMB1,syn,1.11757
HP15,syn,1.0808
syn,syn,0.42044
syn,syn,0
pro,syn,0.27196
pro,syn,0.36544
pro,syn,0.36908
T2,pro,1.07412
Ksed,pro,1.10806
salin,pro,1.07196
cstat,pro,1.20465
eryth,pro,1.09239
exig,pro,1.0055
kuro,pro,0.98356
Rbalt,pro,1.203
PR1red,pro,1.18096
owen,pro,1.22546
atlcs,pro,1.27486
fors,pro,1.27267
Fagar,pro,1.28014
jeju,pro,1.27886
kordia,pro,1.28197
Aalgi,pro,1.29395
vorax,pro,1.18926
Sulfuden,pro,1.28017
Sflavi,pro,1.16928
bdim,pro,1.24269
koree,pro,1.2242
Phalo,pro,1.2169
Rsphaer,pro,1.22475
DFL-12,pro,1.2576
Relong,pro,1.27158
plank,pro,1.30283
Pgall,pro,1.29119
DSS-3,pro,1.28455
Och114,pro,1.30009
nitzsch,pro,1.2989
roseo,pro,1.28519
bermu,pro,1.29516
fang,pro,1.1815
CIP,pro,1.1728
T6c,pro,1.17294
DE,pro,1.17696
DE1,pro,1.17553
26499,pro,1.17568
BS11,pro,1.17555
27126,pro,1.17608
HOT1A3,pro,1.17602
woodyi,pro,1.18162
Shewden,pro,1.19608
MR1,pro,1.18355
Parctic,pro,1.22073
psych,pro,1.21347
vnat,pro,1.18568
vcamp,pro,1.18972
azure,pro,1.20199
serr,pro,1.21979
crono,pro,1.2189
25922,pro,1.21959
MRE600,pro,1.22022
bork,pro,1.17169
dies,pro,1.16872
abie,pro,1.1784
salex,pro,1.20887
simid,pro,1.19435
MMB1,pro,1.19729
HP15,pro,1.16052
syn,pro,0.50016
syn,pro,0.27196
pro,pro,0
pro,pro,0.31762
pro,pro,0.32126
T2,pro,1.1676
Ksed,pro,1.20154
salin,pro,1.16544
cstat,pro,1.29813
eryth,pro,1.18587
exig,pro,1.09898
kuro,pro,1.07704
Rbalt,pro,1.29648
PR1red,pro,1.27444
owen,pro,1.31894
atlcs,pro,1.36834
fors,pro,1.36615
Fagar,pro,1.37362
jeju,pro,1.37234
kordia,pro,1.37545
Aalgi,pro,1.38743
vorax,pro,1.28274
Sulfuden,pro,1.37365
Sflavi,pro,1.26276
bdim,pro,1.33617
koree,pro,1.31768
Phalo,pro,1.31038
Rsphaer,pro,1.31823
DFL-12,pro,1.35108
Relong,pro,1.36506
plank,pro,1.39631
Pgall,pro,1.38467
DSS-3,pro,1.37803
Och114,pro,1.39357
nitzsch,pro,1.39238
roseo,pro,1.37867
bermu,pro,1.38864
fang,pro,1.27498
CIP,pro,1.26628
T6c,pro,1.26642
DE,pro,1.27044
DE1,pro,1.26901
26499,pro,1.26916
BS11,pro,1.26903
27126,pro,1.26956
HOT1A3,pro,1.2695
woodyi,pro,1.2751
Shewden,pro,1.28956
MR1,pro,1.27703
Parctic,pro,1.31421
psych,pro,1.30695
vnat,pro,1.27916
vcamp,pro,1.2832
azure,pro,1.29547
serr,pro,1.31327
crono,pro,1.31238
25922,pro,1.31307
MRE600,pro,1.3137
bork,pro,1.26517
dies,pro,1.2622
abie,pro,1.27188
salex,pro,1.30235
simid,pro,1.28783
MMB1,pro,1.29077
HP15,pro,1.254
syn,pro,0.59364
syn,pro,0.36544
pro,pro,0.31762
pro,pro,0
pro,pro,0.03436
T2,pro,1.17124
Ksed,pro,1.20518
salin,pro,1.16908
cstat,pro,1.30177
eryth,pro,1.18951
exig,pro,1.10262
kuro,pro,1.08068
Rbalt,pro,1.30012
PR1red,pro,1.27808
owen,pro,1.32258
atlcs,pro,1.37198
fors,pro,1.36979
Fagar,pro,1.37726
jeju,pro,1.37598
kordia,pro,1.37909
Aalgi,pro,1.39107
vorax,pro,1.28638
Sulfuden,pro,1.37729
Sflavi,pro,1.2664
bdim,pro,1.33981
koree,pro,1.32132
Phalo,pro,1.31402
Rsphaer,pro,1.32187
DFL-12,pro,1.35472
Relong,pro,1.3687
plank,pro,1.39995
Pgall,pro,1.38831
DSS-3,pro,1.38167
Och114,pro,1.39721
nitzsch,pro,1.39602
roseo,pro,1.38231
bermu,pro,1.39228
fang,pro,1.27862
CIP,pro,1.26992
T6c,pro,1.27006
DE,pro,1.27408
DE1,pro,1.27265
26499,pro,1.2728
BS11,pro,1.27267
27126,pro,1.2732
HOT1A3,pro,1.27314
woodyi,pro,1.27874
Shewden,pro,1.2932
MR1,pro,1.28067
Parctic,pro,1.31785
psych,pro,1.31059
vnat,pro,1.2828
vcamp,pro,1.28684
azure,pro,1.29911
serr,pro,1.31691
crono,pro,1.31602
25922,pro,1.31671
MRE600,pro,1.31734
bork,pro,1.26881
dies,pro,1.26584
abie,pro,1.27552
salex,pro,1.30599
simid,pro,1.29147
MMB1,pro,1.29441
HP15,pro,1.25764
syn,pro,0.59728
syn,pro,0.36908
pro,pro,0.32126
pro,pro,0.03436
pro,pro,0